-- --------------------------------------------------------
-- Servidor:                     127.0.0.1
-- Versão do servidor:           10.4.19-MariaDB - mariadb.org binary distribution
-- OS do Servidor:               Win64
-- HeidiSQL Versão:              11.3.0.6295
-- --------------------------------------------------------

/*!40101 SET @OLD_CHARACTER_SET_CLIENT=@@CHARACTER_SET_CLIENT */;
/*!40101 SET NAMES utf8 */;
/*!50503 SET NAMES utf8mb4 */;
/*!40014 SET @OLD_FOREIGN_KEY_CHECKS=@@FOREIGN_KEY_CHECKS, FOREIGN_KEY_CHECKS=0 */;
/*!40101 SET @OLD_SQL_MODE=@@SQL_MODE, SQL_MODE='NO_AUTO_VALUE_ON_ZERO' */;
/*!40111 SET @OLD_SQL_NOTES=@@SQL_NOTES, SQL_NOTES=0 */;

-- Copiando estrutura para tabela eapi.failed_jobs
CREATE TABLE IF NOT EXISTS `failed_jobs` (
  `id` bigint(20) unsigned NOT NULL AUTO_INCREMENT,
  `uuid` varchar(255) COLLATE utf8mb4_unicode_ci NOT NULL,
  `connection` text COLLATE utf8mb4_unicode_ci NOT NULL,
  `queue` text COLLATE utf8mb4_unicode_ci NOT NULL,
  `payload` longtext COLLATE utf8mb4_unicode_ci NOT NULL,
  `exception` longtext COLLATE utf8mb4_unicode_ci NOT NULL,
  `failed_at` timestamp NOT NULL DEFAULT current_timestamp(),
  PRIMARY KEY (`id`),
  UNIQUE KEY `failed_jobs_uuid_unique` (`uuid`)
) ENGINE=InnoDB DEFAULT CHARSET=utf8mb4 COLLATE=utf8mb4_unicode_ci;

-- Copiando dados para a tabela eapi.failed_jobs: ~0 rows (aproximadamente)
/*!40000 ALTER TABLE `failed_jobs` DISABLE KEYS */;
/*!40000 ALTER TABLE `failed_jobs` ENABLE KEYS */;

-- Copiando estrutura para tabela eapi.migrations
CREATE TABLE IF NOT EXISTS `migrations` (
  `id` int(10) unsigned NOT NULL AUTO_INCREMENT,
  `migration` varchar(255) COLLATE utf8mb4_unicode_ci NOT NULL,
  `batch` int(11) NOT NULL,
  PRIMARY KEY (`id`)
) ENGINE=InnoDB AUTO_INCREMENT=6 DEFAULT CHARSET=utf8mb4 COLLATE=utf8mb4_unicode_ci;

-- Copiando dados para a tabela eapi.migrations: ~5 rows (aproximadamente)
/*!40000 ALTER TABLE `migrations` DISABLE KEYS */;
INSERT INTO `migrations` (`id`, `migration`, `batch`) VALUES
	(1, '2014_10_12_000000_create_users_table', 1),
	(2, '2014_10_12_100000_create_password_resets_table', 1),
	(3, '2019_08_19_000000_create_failed_jobs_table', 1),
	(4, '2021_07_14_131608_create_products_table', 1),
	(5, '2021_07_14_131632_create_reviews_table', 1);
/*!40000 ALTER TABLE `migrations` ENABLE KEYS */;

-- Copiando estrutura para tabela eapi.password_resets
CREATE TABLE IF NOT EXISTS `password_resets` (
  `email` varchar(255) COLLATE utf8mb4_unicode_ci NOT NULL,
  `token` varchar(255) COLLATE utf8mb4_unicode_ci NOT NULL,
  `created_at` timestamp NULL DEFAULT NULL,
  KEY `password_resets_email_index` (`email`)
) ENGINE=InnoDB DEFAULT CHARSET=utf8mb4 COLLATE=utf8mb4_unicode_ci;

-- Copiando dados para a tabela eapi.password_resets: ~0 rows (aproximadamente)
/*!40000 ALTER TABLE `password_resets` DISABLE KEYS */;
/*!40000 ALTER TABLE `password_resets` ENABLE KEYS */;

-- Copiando estrutura para tabela eapi.products
CREATE TABLE IF NOT EXISTS `products` (
  `id` bigint(20) unsigned NOT NULL AUTO_INCREMENT,
  `name` varchar(255) COLLATE utf8mb4_unicode_ci NOT NULL,
  `detail` text COLLATE utf8mb4_unicode_ci NOT NULL,
  `price` int(11) NOT NULL,
  `stock` int(11) NOT NULL,
  `discount` int(11) NOT NULL,
  `created_at` timestamp NULL DEFAULT NULL,
  `updated_at` timestamp NULL DEFAULT NULL,
  PRIMARY KEY (`id`)
) ENGINE=InnoDB AUTO_INCREMENT=51 DEFAULT CHARSET=utf8mb4 COLLATE=utf8mb4_unicode_ci;

-- Copiando dados para a tabela eapi.products: ~50 rows (aproximadamente)
/*!40000 ALTER TABLE `products` DISABLE KEYS */;
INSERT INTO `products` (`id`, `name`, `detail`, `price`, `stock`, `discount`, `created_at`, `updated_at`) VALUES
	(1, 'laudantium', 'Maxime ipsa debitis incidunt facere non illo eligendi. Error aut aut totam et in magni. Quisquam non id enim iure ducimus odio accusantium.', 550, 4, 19, '2021-07-15 14:03:32', '2021-07-15 14:03:32'),
	(2, 'vel', 'Quisquam consequatur tempore sed impedit voluptate quam. Quo quam doloremque non temporibus dolores libero laboriosam unde. Ab eius qui quibusdam eos distinctio autem assumenda. Aut ab dolores magni sunt dolorum. Dolor atque necessitatibus vitae at sequi ut accusamus.', 456, 4, 9, '2021-07-15 14:03:32', '2021-07-15 14:03:32'),
	(3, 'dolor', 'Atque quos hic modi. Et debitis eaque inventore non. Quidem nulla quo aut eaque eum.', 263, 9, 8, '2021-07-15 14:03:32', '2021-07-15 14:03:32'),
	(4, 'rerum', 'Ipsam distinctio dolores cum culpa iusto. Blanditiis sit dicta autem molestiae at labore. Nam in voluptate odit consequatur aspernatur molestiae.', 350, 8, 9, '2021-07-15 14:03:32', '2021-07-15 14:03:32'),
	(5, 'quidem', 'A natus ut eius veritatis magnam quisquam eum. Quibusdam nobis ut earum autem. Inventore quasi ut ipsum et officiis officia. Delectus ut qui eos perferendis ut et quaerat. Optio sed et veritatis.', 328, 4, 3, '2021-07-15 14:03:32', '2021-07-15 14:03:32'),
	(6, 'voluptatum', 'Nam aut quia facilis illum excepturi aspernatur. Quia ut sunt blanditiis possimus at nihil quod. Consequuntur non sunt laudantium in vero.', 477, 0, 3, '2021-07-15 14:03:32', '2021-07-15 14:03:32'),
	(7, 'et', 'Perferendis dolore reiciendis corporis impedit. Beatae officiis ea in a sint commodi dolorem rerum. Maxime autem rerum et et harum.', 420, 0, 9, '2021-07-15 14:03:32', '2021-07-15 14:03:32'),
	(8, 'sint', 'Quibusdam omnis vel quia nobis ipsa mollitia. Sapiente eligendi iste magnam numquam cumque itaque illo. Qui ullam ipsa repellat aut.', 154, 9, 14, '2021-07-15 14:03:32', '2021-07-15 14:03:32'),
	(9, 'sint', 'Quod aspernatur nostrum quia sed amet nihil consequatur. Consequatur voluptatem consequuntur et non repudiandae reprehenderit magni. Possimus perferendis earum aut modi. Ad praesentium eos amet adipisci laborum.', 541, 1, 25, '2021-07-15 14:03:32', '2021-07-15 14:03:32'),
	(10, 'iure', 'Commodi nihil explicabo aperiam ut aut libero eos. Fugit inventore fugit ut molestiae dicta qui minus. A accusamus praesentium et non illo totam. Quod culpa et voluptas voluptatem fugiat sequi non optio. Modi corporis est assumenda eligendi.', 996, 7, 29, '2021-07-15 14:03:32', '2021-07-15 14:03:32'),
	(11, 'reiciendis', 'Explicabo beatae aut totam iusto provident in soluta. Provident laborum sed consequuntur officiis ut mollitia. Id ex dolore velit adipisci veritatis tenetur voluptate illum. Nihil consequatur et eaque sunt non provident.', 285, 6, 15, '2021-07-15 14:03:32', '2021-07-15 14:03:32'),
	(12, 'delectus', 'Nemo inventore aliquid ipsam molestias qui autem. Eveniet qui possimus earum corrupti sit. Facere aut deleniti asperiores culpa nemo ea.', 934, 3, 2, '2021-07-15 14:03:32', '2021-07-15 14:03:32'),
	(13, 'vero', 'Consequatur est rem aliquam voluptates. Rem incidunt exercitationem pariatur libero. Veritatis veniam odio maiores voluptatem corporis excepturi. Suscipit molestiae nihil neque nesciunt suscipit vel.', 610, 5, 10, '2021-07-15 14:03:32', '2021-07-15 14:03:32'),
	(14, 'necessitatibus', 'Et excepturi consequatur consequuntur inventore recusandae. Consequatur molestiae illum adipisci aliquam dolor. Similique molestias aliquid sit commodi sint blanditiis occaecati. Eveniet aut ea eos et quos commodi perspiciatis.', 317, 6, 16, '2021-07-15 14:03:32', '2021-07-15 14:03:32'),
	(15, 'tempore', 'Vitae cumque est nostrum quo. Culpa quia et eaque occaecati deserunt molestiae amet. Dignissimos iure ipsa nesciunt unde perspiciatis.', 365, 7, 2, '2021-07-15 14:03:32', '2021-07-15 14:03:32'),
	(16, 'nemo', 'Non dolorem libero quo assumenda. Exercitationem mollitia nihil dolore est. Id est quia fugit illo. Consequatur sit sed fuga tenetur eum deleniti.', 978, 8, 11, '2021-07-15 14:03:32', '2021-07-15 14:03:32'),
	(17, 'et', 'Adipisci sed quibusdam voluptatem dolores corporis. Consequatur impedit amet laboriosam totam. Veniam sequi atque voluptatem eius vero.', 250, 2, 23, '2021-07-15 14:03:32', '2021-07-15 14:03:32'),
	(18, 'blanditiis', 'Ipsa et repellendus ut dolorem repellendus. Minima fugiat dolor odio quae saepe dolorum unde. Ea sint atque hic accusamus.', 805, 5, 18, '2021-07-15 14:03:32', '2021-07-15 14:03:32'),
	(19, 'veniam', 'Ut a ratione sit. Pariatur adipisci autem quisquam repellat. Sint quaerat nostrum facilis provident modi expedita voluptatum.', 561, 8, 21, '2021-07-15 14:03:32', '2021-07-15 14:03:32'),
	(20, 'quia', 'Qui laborum consequatur rerum. Aperiam non aliquam praesentium autem nemo minima neque quaerat. Debitis libero esse molestias minus libero sit. Dolorum voluptas exercitationem iusto.', 851, 2, 25, '2021-07-15 14:03:32', '2021-07-15 14:03:32'),
	(21, 'porro', 'Eos cupiditate labore consequatur impedit repellat accusantium. Et nihil nemo blanditiis. Laboriosam voluptate repudiandae quas dolores voluptates veniam.', 292, 2, 20, '2021-07-15 14:03:32', '2021-07-15 14:03:32'),
	(22, 'eligendi', 'Et possimus cupiditate provident quaerat impedit fugiat laborum fuga. Et rem quia tempora fugiat id voluptas sint. Sit vitae eius aliquid laudantium. Doloribus quia quasi et qui ut explicabo.', 326, 2, 15, '2021-07-15 14:03:32', '2021-07-15 14:03:32'),
	(23, 'omnis', 'Ea eos facere officiis. Ab voluptatem qui facere eaque. Provident recusandae atque soluta iste.', 636, 8, 27, '2021-07-15 14:03:32', '2021-07-15 14:03:32'),
	(24, 'voluptas', 'Tempora quos adipisci quia consequatur. Dolor nemo deserunt omnis. Similique accusamus fuga harum velit autem.', 484, 3, 16, '2021-07-15 14:03:32', '2021-07-15 14:03:32'),
	(25, 'eveniet', 'Inventore ut maiores sed veritatis fugiat sed cupiditate. Aut et aliquam eum impedit. Suscipit quo quis porro rerum.', 216, 5, 2, '2021-07-15 14:03:32', '2021-07-15 14:03:32'),
	(26, 'molestiae', 'Nulla ipsum accusantium officiis laudantium maxime. Omnis id consequatur voluptatem ratione. Laudantium animi cum dicta omnis incidunt quia porro. Non aperiam illo labore ad velit laudantium.', 134, 5, 20, '2021-07-15 14:03:32', '2021-07-15 14:03:32'),
	(27, 'molestias', 'Molestias doloribus pariatur fuga vel ipsum ipsa possimus. Ut minima corporis ut unde assumenda sed.', 546, 7, 12, '2021-07-15 14:03:32', '2021-07-15 14:03:32'),
	(28, 'illo', 'Cumque nam nesciunt nam rerum accusamus. Consequuntur maxime tempore ut ducimus voluptate. Rerum doloribus recusandae ipsum.', 386, 7, 17, '2021-07-15 14:03:32', '2021-07-15 14:03:32'),
	(29, 'molestias', 'Ut qui eligendi molestias qui id sunt sed. Id dolor quidem molestiae error porro. Corporis dignissimos praesentium perspiciatis eum distinctio molestias repellat. Ea odio soluta nostrum.', 684, 2, 11, '2021-07-15 14:03:32', '2021-07-15 14:03:32'),
	(30, 'rerum', 'Illo odit non neque aut harum. Nam suscipit voluptas voluptas eveniet beatae eaque voluptate.', 280, 1, 16, '2021-07-15 14:03:32', '2021-07-15 14:03:32'),
	(31, 'officia', 'Omnis qui sed corporis neque aspernatur velit. Libero dolores sequi velit quasi sed nam. Eos et dicta dolor accusamus vero eligendi sapiente. Accusamus nihil quibusdam sit quia voluptas suscipit rerum hic.', 417, 7, 15, '2021-07-15 14:03:32', '2021-07-15 14:03:32'),
	(32, 'non', 'Maxime sapiente id deserunt fugit. Sint consequatur hic eveniet repellat modi omnis ipsa. Praesentium rerum at iure consequatur qui nam sit atque. Nihil tempora sit et accusamus distinctio reiciendis. Earum velit non exercitationem eos.', 182, 2, 23, '2021-07-15 14:03:32', '2021-07-15 14:03:32'),
	(33, 'cumque', 'Ex ipsam commodi consequatur omnis neque animi animi. Aut aspernatur eum et adipisci suscipit eaque officiis veritatis. Tempora quaerat alias tempora rerum nobis. Repellat enim nihil quas ut facere sit non.', 452, 3, 18, '2021-07-15 14:03:32', '2021-07-15 14:03:32'),
	(34, 'aliquid', 'Officiis nemo molestiae quia maxime et tenetur. Sint ipsum atque quisquam eos deleniti fuga voluptatem aspernatur.', 217, 2, 28, '2021-07-15 14:03:32', '2021-07-15 14:03:32'),
	(35, 'quam', 'Autem dignissimos repellat impedit minus consequatur enim. Repellendus odit aut incidunt fuga in. Voluptas harum eos quo quas iste beatae animi porro. In iste vitae in aut sed minima.', 621, 4, 4, '2021-07-15 14:03:32', '2021-07-15 14:03:32'),
	(36, 'eos', 'Non quae modi enim blanditiis. Maxime magnam at in blanditiis et natus ut. Sit id est sed dolorum.', 165, 1, 26, '2021-07-15 14:03:32', '2021-07-15 14:03:32'),
	(37, 'minima', 'Non expedita vitae eaque neque consequatur fugiat. Laborum et officiis eveniet asperiores et doloribus dolores. Iure enim velit tempora.', 167, 2, 4, '2021-07-15 14:03:32', '2021-07-15 14:03:32'),
	(38, 'corrupti', 'Voluptas et itaque reiciendis ab odit suscipit ducimus vel. Labore eos nesciunt error laudantium consequuntur. Rerum maiores voluptatem sapiente ut nobis molestiae omnis veritatis.', 492, 4, 15, '2021-07-15 14:03:32', '2021-07-15 14:03:32'),
	(39, 'ut', 'Non est provident numquam rerum. Nobis impedit minus et culpa quo. Cumque beatae nihil occaecati dolorum eius et ipsa deserunt.', 833, 8, 25, '2021-07-15 14:03:32', '2021-07-15 14:03:32'),
	(40, 'ullam', 'Asperiores omnis nam adipisci repellendus autem. Delectus nesciunt omnis adipisci quo aliquam. Voluptatum illum illum pariatur amet voluptatem illum. Et blanditiis aspernatur culpa ea.', 599, 4, 24, '2021-07-15 14:03:32', '2021-07-15 14:03:32'),
	(41, 'sit', 'Nemo velit deserunt mollitia impedit. Provident a alias est laudantium voluptate. Libero non unde natus facere assumenda.', 797, 1, 29, '2021-07-15 14:03:32', '2021-07-15 14:03:32'),
	(42, 'nihil', 'Eaque nam rerum mollitia reiciendis beatae reiciendis. Et reprehenderit quos modi omnis voluptatibus officiis. Eum rerum odit at quaerat exercitationem eius. Sint eum debitis ut quasi exercitationem enim a dolores.', 311, 7, 14, '2021-07-15 14:03:32', '2021-07-15 14:03:32'),
	(43, 'ad', 'Est et ea velit non exercitationem. Atque consequatur quam ratione dolorem.', 569, 1, 28, '2021-07-15 14:03:32', '2021-07-15 14:03:32'),
	(44, 'molestiae', 'Cupiditate molestias quasi velit ut unde qui et. Natus corrupti amet et perspiciatis rerum vero aut. Officiis voluptas est consequatur rerum earum ab.', 393, 8, 10, '2021-07-15 14:03:32', '2021-07-15 14:03:32'),
	(45, 'aut', 'Reprehenderit et illum et similique et. Vitae fuga eos sequi et. Ea fugit aut perspiciatis nam rem sed. At tenetur asperiores rem illum aperiam.', 593, 1, 9, '2021-07-15 14:03:32', '2021-07-15 14:03:32'),
	(46, 'et', 'Nobis nemo aut nesciunt excepturi eos accusamus. Quidem et ratione sint rem. Laborum cum neque consequuntur quia culpa. Qui enim et nobis et dolor.', 669, 7, 27, '2021-07-15 14:03:32', '2021-07-15 14:03:32'),
	(47, 'itaque', 'Odio perferendis nesciunt et et quam quo exercitationem. Ab voluptas sint modi corporis quaerat eos. Exercitationem quibusdam et nobis laudantium eos. Aut qui quas quia ullam commodi autem enim.', 272, 9, 29, '2021-07-15 14:03:32', '2021-07-15 14:03:32'),
	(48, 'consectetur', 'Aut quasi consequuntur quod ducimus impedit fugit. Et officia sed delectus iusto esse.', 519, 9, 9, '2021-07-15 14:03:32', '2021-07-15 14:03:32'),
	(49, 'et', 'Quos natus voluptatem necessitatibus officia numquam consequuntur autem. Blanditiis cum autem quo. Voluptas porro ut aliquid vel voluptatibus numquam. Laborum aperiam sint neque.', 864, 1, 17, '2021-07-15 14:03:32', '2021-07-15 14:03:32'),
	(50, 'molestiae', 'Rerum esse corporis sit eligendi ut. Quae minus molestiae earum dolor harum qui. Necessitatibus voluptatem ad possimus cumque. Veniam at tenetur perferendis non.', 421, 4, 3, '2021-07-15 14:03:32', '2021-07-15 14:03:32');
/*!40000 ALTER TABLE `products` ENABLE KEYS */;

-- Copiando estrutura para tabela eapi.reviews
CREATE TABLE IF NOT EXISTS `reviews` (
  `id` bigint(20) unsigned NOT NULL AUTO_INCREMENT,
  `product_id` bigint(20) unsigned NOT NULL,
  `customer` varchar(255) COLLATE utf8mb4_unicode_ci NOT NULL,
  `review` text COLLATE utf8mb4_unicode_ci NOT NULL,
  `star` bigint(20) unsigned NOT NULL,
  `created_at` timestamp NULL DEFAULT NULL,
  `updated_at` timestamp NULL DEFAULT NULL,
  PRIMARY KEY (`id`),
  KEY `reviews_product_id_index` (`product_id`),
  CONSTRAINT `reviews_product_id_foreign` FOREIGN KEY (`product_id`) REFERENCES `products` (`id`) ON DELETE CASCADE
) ENGINE=InnoDB AUTO_INCREMENT=301 DEFAULT CHARSET=utf8mb4 COLLATE=utf8mb4_unicode_ci;

-- Copiando dados para a tabela eapi.reviews: ~300 rows (aproximadamente)
/*!40000 ALTER TABLE `reviews` DISABLE KEYS */;
INSERT INTO `reviews` (`id`, `product_id`, `customer`, `review`, `star`, `created_at`, `updated_at`) VALUES
	(1, 18, 'Gian Vitor Caldeira', 'Aut eos sunt consequatur aut accusantium. Minima illum pariatur odio voluptas velit. Nihil at omnis temporibus voluptatem esse alias incidunt. Iste exercitationem totam doloribus architecto. Culpa aliquam recusandae fugiat veniam laborum saepe.', 5, '2021-07-15 14:03:32', '2021-07-15 14:03:32'),
	(2, 32, 'Edson da Rosa Godói Filho', 'Consequatur debitis ullam iusto quam. Ut omnis natus vitae autem. Dignissimos omnis et autem eos aspernatur nesciunt qui.', 4, '2021-07-15 14:03:33', '2021-07-15 14:03:33'),
	(3, 31, 'Camila Carvalho Jr.', 'Consequuntur ut beatae est beatae sunt voluptates. Molestias voluptas rem nihil. Non soluta hic ipsa aliquid a suscipit. Et iure accusamus atque dolore aspernatur quo dolorum.', 3, '2021-07-15 14:03:33', '2021-07-15 14:03:33'),
	(4, 8, 'Victor James Rocha', 'Voluptatibus quam sed impedit ullam tenetur pariatur ea. Maxime rerum quis voluptatem earum veniam.', 3, '2021-07-15 14:03:33', '2021-07-15 14:03:33'),
	(5, 24, 'Luis de Aguiar Sobrinho', 'Inventore et aut optio amet expedita officia ea eligendi. Distinctio qui nobis at assumenda totam sed. Voluptatem dignissimos tenetur ab et doloremque eos molestiae.', 1, '2021-07-15 14:03:33', '2021-07-15 14:03:33'),
	(6, 10, 'Dr. Cezar Aragão', 'Molestias quam et corporis maxime veritatis laborum. Vel porro eos et adipisci quaerat eius qui. Saepe fuga modi exercitationem. Accusamus a consequatur et qui et suscipit.', 3, '2021-07-15 14:03:33', '2021-07-15 14:03:33'),
	(7, 32, 'Cléber Mendonça', 'Et tenetur quia quia sed iure suscipit voluptatem ex. Delectus sed facere eum repellat nam eos. Recusandae doloremque quos est esse hic voluptatibus eos. Nemo ea explicabo eum eum aut. Consequatur excepturi neque nostrum ipsam reiciendis.', 3, '2021-07-15 14:03:33', '2021-07-15 14:03:33'),
	(8, 50, 'Jácomo Aguiar Filho', 'Eligendi dolores quia eaque ipsa voluptatem laudantium. Voluptatem consequatur ut porro voluptatum. Perspiciatis quidem ut dolore aliquid qui numquam eum.', 1, '2021-07-15 14:03:33', '2021-07-15 14:03:33'),
	(9, 36, 'Adriel Rafael Paz Sobrinho', 'Dolorum voluptatem nisi laudantium quibusdam doloribus nulla. Reprehenderit quae eum ratione facilis. Numquam est suscipit quas.', 3, '2021-07-15 14:03:33', '2021-07-15 14:03:33'),
	(10, 20, 'Sra. Isadora Verdara', 'Ipsa alias ipsa laudantium consequatur. Eligendi sunt voluptas eos dolores quos. Sit quasi tenetur dolorem repellat voluptas omnis.', 4, '2021-07-15 14:03:33', '2021-07-15 14:03:33'),
	(11, 46, 'Sra. Aparecida Salazar Rangel Sobrinho', 'Est ex omnis ullam quibusdam. Eum voluptatem suscipit dolores adipisci. Doloremque cum mollitia et blanditiis vel.', 4, '2021-07-15 14:03:33', '2021-07-15 14:03:33'),
	(12, 22, 'Dr. Mirela Madeira Filho', 'Velit quo blanditiis sit recusandae. Ut et porro harum non explicabo unde veritatis quia.', 4, '2021-07-15 14:03:33', '2021-07-15 14:03:33'),
	(13, 35, 'Robson Renan Amaral', 'Quidem optio mollitia totam expedita tempora sunt. Et illum minima iusto facilis et vel consequatur. Veniam sint quisquam dolores quo perspiciatis id.', 3, '2021-07-15 14:03:33', '2021-07-15 14:03:33'),
	(14, 41, 'Sra. Tâmara Dias Neto', 'Aut laboriosam quasi quidem tempore beatae. Eum officia nihil sit labore ut. Qui ut repudiandae quia blanditiis.', 1, '2021-07-15 14:03:33', '2021-07-15 14:03:33'),
	(15, 50, 'Dr. Vitor Rodolfo Saito', 'Natus architecto totam molestiae non. Consequatur in qui magni nobis. Repellendus nemo ratione tenetur dolores qui quia earum sapiente.', 5, '2021-07-15 14:03:33', '2021-07-15 14:03:33'),
	(16, 45, 'Luzia de Souza Serra Jr.', 'Quae nihil blanditiis in temporibus illo sequi cupiditate. Occaecati eum et doloremque dolorem. Ut sequi expedita voluptas porro sint veniam quidem et. Delectus hic nulla aut provident excepturi et atque. Voluptas officia provident hic architecto illo.', 3, '2021-07-15 14:03:33', '2021-07-15 14:03:33'),
	(17, 46, 'Josué Cruz Faro', 'Delectus veritatis quisquam expedita. Porro libero provident ab aut laudantium ut doloremque. Dolorum et adipisci veniam iusto possimus vel dignissimos sint.', 0, '2021-07-15 14:03:33', '2021-07-15 14:03:33'),
	(18, 22, 'Elaine Daniela Fonseca Jr.', 'Molestias laboriosam ea sunt. Quisquam quibusdam deleniti consectetur dicta omnis. Velit aut consequatur eveniet veniam. Eligendi sit nihil odio cumque et exercitationem fugiat. At cumque neque voluptas ex.', 2, '2021-07-15 14:03:33', '2021-07-15 14:03:33'),
	(19, 43, 'Maria Josefina Vega', 'Soluta amet eum quis et voluptatem adipisci. Excepturi et at deserunt in harum ut. Numquam aut laborum corrupti a.', 1, '2021-07-15 14:03:33', '2021-07-15 14:03:33'),
	(20, 32, 'Roberta Beatriz das Dores', 'Laborum qui nulla quia. Dolore et temporibus eaque autem. Sapiente molestiae excepturi fugit et quis similique tempore.', 2, '2021-07-15 14:03:33', '2021-07-15 14:03:33'),
	(21, 34, 'Srta. Giovana Larissa Ramos', 'Exercitationem laudantium laborum laborum. Amet qui error eum deleniti. Quisquam necessitatibus nihil maxime. Nulla veritatis distinctio explicabo fugit.', 3, '2021-07-15 14:03:33', '2021-07-15 14:03:33'),
	(22, 43, 'Agostinho Ian Correia Jr.', 'At alias ea architecto ea dolorem dolores sequi officia. Enim eveniet est velit ipsum in. Harum aliquid fugit eos. Dolorem quo repudiandae molestiae qui at. Est voluptatem a tempora.', 5, '2021-07-15 14:03:33', '2021-07-15 14:03:33'),
	(23, 12, 'Miranda Letícia Aguiar', 'Quas quis ea magnam sint et sed voluptatem. Sapiente quo dolorem cum mollitia voluptas facilis. Iusto ut aut dolore voluptatem quis velit. Repellendus reiciendis sit animi beatae earum quo. Esse in expedita explicabo qui voluptas aut.', 4, '2021-07-15 14:03:33', '2021-07-15 14:03:33'),
	(24, 41, 'Erik Uchoa', 'Perferendis error eius nihil occaecati atque rerum eum totam. In autem quia deleniti rerum deserunt ipsum ipsam. Quo repellat est ut.', 3, '2021-07-15 14:03:33', '2021-07-15 14:03:33'),
	(25, 42, 'Tatiana Marinho Ferreira', 'Qui mollitia quia iusto totam mollitia ipsa. Est vel ullam quo ex. Et et molestiae aut earum provident qui facilis. Qui sint omnis dignissimos non nesciunt rem.', 3, '2021-07-15 14:03:33', '2021-07-15 14:03:33'),
	(26, 17, 'Agustina Marinho', 'Ratione architecto aliquam dolorem maiores. Et nesciunt tempore ab ea.', 3, '2021-07-15 14:03:33', '2021-07-15 14:03:33'),
	(27, 14, 'Roberta Serra Ávila', 'Eum reiciendis et nam in odio maiores quas. Quia officia provident accusantium dolores omnis. Nostrum asperiores aut molestias maiores illum eum voluptatem. Autem dolores nihil quas nisi voluptatibus.', 5, '2021-07-15 14:03:33', '2021-07-15 14:03:33'),
	(28, 37, 'Antonieta Verdara', 'Quo inventore quaerat et vitae. Qui a quod cupiditate aperiam. Asperiores corporis et minus id quisquam iusto. Ea et minus mollitia nihil possimus.', 0, '2021-07-15 14:03:33', '2021-07-15 14:03:33'),
	(29, 24, 'Sr. Christopher Ziraldo Cordeiro Neto', 'Sint nisi ut fugiat libero doloremque asperiores harum. Temporibus beatae unde eum libero eos dolorem. Dicta corrupti praesentium deleniti dicta non. Vero dolor dolorem aut qui et architecto veniam aliquam.', 3, '2021-07-15 14:03:33', '2021-07-15 14:03:33'),
	(30, 45, 'Sr. Edilson Breno Marques Neto', 'Ut maiores ipsam perspiciatis consequatur fugit. Quam reiciendis est quisquam et eos sint. Eos nam sit temporibus.', 0, '2021-07-15 14:03:33', '2021-07-15 14:03:33'),
	(31, 13, 'Srta. Noelí Cruz Sobrinho', 'Consequatur et id amet aut quia dolore est suscipit. Numquam minus nostrum iste magni eaque ut veritatis. Nesciunt ut quis laudantium maxime. Voluptas voluptates perferendis quasi perspiciatis autem rerum atque.', 5, '2021-07-15 14:03:33', '2021-07-15 14:03:33'),
	(32, 20, 'Paloma Ferreira Zamana Neto', 'Consequuntur harum quidem et id eum iure. Quia magni vero labore ducimus aliquid dignissimos necessitatibus. Nisi optio omnis nihil aperiam ipsa.', 2, '2021-07-15 14:03:33', '2021-07-15 14:03:33'),
	(33, 46, 'Fernanda Valente Torres', 'Et sed sed velit illum labore. Sunt et dolor aut consequatur rem. Reiciendis perferendis ea id similique numquam omnis repellat.', 4, '2021-07-15 14:03:33', '2021-07-15 14:03:33'),
	(34, 15, 'Sra. Roberta Pena', 'Quis ab soluta animi perferendis. Sint debitis praesentium reiciendis ut. Blanditiis aspernatur consectetur ea a quibusdam. Quas ex id qui quam distinctio.', 0, '2021-07-15 14:03:33', '2021-07-15 14:03:33'),
	(35, 36, 'Dr. Benjamin Valentin', 'Perspiciatis architecto et voluptatem rerum accusantium officia cupiditate aut. Consequatur excepturi ratione porro. Dolor dolorem veniam dicta doloremque sunt aut.', 5, '2021-07-15 14:03:33', '2021-07-15 14:03:33'),
	(36, 41, 'Dr. Olga Salazar', 'Modi cupiditate totam aspernatur eum. Autem cumque est culpa recusandae numquam non omnis. In ab culpa non ipsa facere.', 4, '2021-07-15 14:03:33', '2021-07-15 14:03:33'),
	(37, 19, 'Ruth da Cruz Jr.', 'Reiciendis dolorem mollitia dicta suscipit. Nihil nam quod quia. Rem ut enim veritatis ullam cum totam.', 4, '2021-07-15 14:03:33', '2021-07-15 14:03:33'),
	(38, 8, 'Sr. Joaquim Faria Pacheco', 'Quia aut et ad perferendis dolore aut est deserunt. Temporibus id quidem at error. Perferendis eius reprehenderit autem consequatur dicta aut. Aperiam eum voluptatem cupiditate.', 5, '2021-07-15 14:03:33', '2021-07-15 14:03:33'),
	(39, 48, 'Srta. Danielle Márcia Caldeira', 'Id quis corporis sit autem aspernatur possimus. Neque doloribus qui distinctio veritatis omnis voluptas. Earum ut quia et ullam impedit nobis et.', 1, '2021-07-15 14:03:33', '2021-07-15 14:03:33'),
	(40, 27, 'Rodrigo Gil Matias Neto', 'Impedit veritatis eum repudiandae. Ad tempore explicabo quis exercitationem. Voluptatum quas sed dolor nisi ad. Eligendi culpa voluptates perspiciatis.', 3, '2021-07-15 14:03:33', '2021-07-15 14:03:33'),
	(41, 45, 'Elisa Ferreira Jr.', 'Praesentium commodi dolores ut molestiae eos veritatis consequatur. Rerum at dolor neque consequatur fugiat quis ut et. Libero eligendi pariatur at error et qui. Magnam ut accusantium doloribus animi inventore fugiat exercitationem doloremque.', 0, '2021-07-15 14:03:33', '2021-07-15 14:03:33'),
	(42, 13, 'Dr. Noel Sanches Ortiz Neto', 'Ut aliquid repellendus dolor. Quia nihil commodi est dolorem omnis aperiam. Ipsam enim distinctio voluptas. Veniam non consequatur totam. Quia sequi itaque accusamus distinctio.', 1, '2021-07-15 14:03:33', '2021-07-15 14:03:33'),
	(43, 35, 'Ricardo Fernandes Sobrinho', 'Voluptatem in hic aut consequatur. Error eius voluptatem voluptas dolores asperiores aliquid consectetur. At perspiciatis occaecati similique incidunt labore illo.', 3, '2021-07-15 14:03:33', '2021-07-15 14:03:33'),
	(44, 43, 'Dr. Flávia Branco Filho', 'Recusandae alias expedita voluptatum aut deserunt culpa. Rerum facere dolores nihil. Soluta id fuga nam ex assumenda.', 0, '2021-07-15 14:03:33', '2021-07-15 14:03:33'),
	(45, 22, 'Dr. Christopher Maldonado Alves', 'Aut occaecati dolorem facere sed voluptatibus ipsum. Temporibus aperiam explicabo quasi. In ad omnis omnis voluptatem sed minima odit.', 1, '2021-07-15 14:03:33', '2021-07-15 14:03:33'),
	(46, 12, 'Dr. Eliane Caldeira Valentin', 'Dolorem fugit accusantium suscipit esse ut iste totam. Expedita corrupti vitae ipsa totam quas soluta voluptas modi. Eum quasi veniam dignissimos aut dicta omnis a. Nihil qui blanditiis officia assumenda.', 5, '2021-07-15 14:03:33', '2021-07-15 14:03:33'),
	(47, 6, 'Dr. Fernanda Fátima Ramos', 'Adipisci placeat a qui praesentium optio. Vero laboriosam soluta consequatur et nesciunt perferendis libero. Autem aut optio rem eos accusamus non.', 0, '2021-07-15 14:03:33', '2021-07-15 14:03:33'),
	(48, 31, 'Dr. Fabiano Vinícius Santiago Jr.', 'Et sint ad omnis est quisquam est. Corporis nesciunt commodi sint labore repellendus dolore. A dolor illum hic.', 1, '2021-07-15 14:03:33', '2021-07-15 14:03:33'),
	(49, 3, 'Dr. Alan Ferreira', 'Dolorum maiores et asperiores numquam asperiores voluptatum nihil. Illo quia perferendis officia provident sint voluptates. Est ipsa fuga rerum officia nam perferendis. Ratione eum et ut.', 5, '2021-07-15 14:03:33', '2021-07-15 14:03:33'),
	(50, 10, 'Dr. Simon Uchoa Uchoa', 'Asperiores illum qui tenetur vel voluptatem. Dicta architecto molestias harum nihil animi corporis et. Odit blanditiis et error. Sit eos ex nesciunt quod ut consequatur omnis.', 0, '2021-07-15 14:03:33', '2021-07-15 14:03:33'),
	(51, 13, 'Sr. Gilberto Paes Neto', 'Est quo qui ut quis ipsa et autem. Nihil perferendis quasi cumque mollitia. Et enim ut autem quia enim sint distinctio. Libero qui est rerum beatae.', 1, '2021-07-15 14:03:33', '2021-07-15 14:03:33'),
	(52, 26, 'Mateus Burgos Sobrinho', 'Eum officiis nam vero qui. Ipsa enim quos sapiente ut. Similique autem voluptates nihil delectus et animi aliquid. Magni quis autem dolor harum recusandae sint.', 2, '2021-07-15 14:03:33', '2021-07-15 14:03:33'),
	(53, 28, 'Enzo Esteves Bittencourt Sobrinho', 'Rerum quam ad debitis et modi fugit debitis. Et sit eius sit rerum dolorem vero quidem facilis. Quod aspernatur ut molestiae saepe aut sapiente nihil totam. Corporis eligendi quis sit velit sed quia facilis nam. Officia voluptatum dolores quisquam neque fugiat est.', 3, '2021-07-15 14:03:33', '2021-07-15 14:03:33'),
	(54, 48, 'Emiliano Montenegro Jr.', 'Quam corporis odio omnis. Necessitatibus delectus dignissimos voluptatem dolores aspernatur ullam. Exercitationem illo quia quibusdam modi ab modi. Aut porro facilis architecto laudantium temporibus.', 2, '2021-07-15 14:03:33', '2021-07-15 14:03:33'),
	(55, 8, 'Sr. Juan Salas Garcia', 'Tempore aut ad laudantium veniam ea. Nostrum voluptate nesciunt at vitae. Tenetur consequuntur nisi ut ipsa. Distinctio nisi sunt pariatur in alias et veritatis.', 5, '2021-07-15 14:03:33', '2021-07-15 14:03:33'),
	(56, 11, 'Sr. Erik Escobar Neto', 'Vero iure quo dicta in. Et aut nisi et voluptates. Est dolores rerum sed aut eaque debitis accusantium sit. Dolores voluptatibus eum ab dolores quam.', 3, '2021-07-15 14:03:33', '2021-07-15 14:03:33'),
	(57, 45, 'Dr. Catarina Deverso Sobrinho', 'Qui saepe quis voluptatibus veritatis earum. Exercitationem ipsam quis ex optio est autem. Est minus itaque dolore sit. Corporis impedit quia dolorem aut consequatur commodi.', 1, '2021-07-15 14:03:33', '2021-07-15 14:03:33'),
	(58, 8, 'Dr. Simão Estêvão Reis', 'Suscipit ea placeat itaque accusantium animi quod. Et non consectetur minus sapiente ipsa sint et. Non illo voluptas nihil quae aut voluptatem molestiae. Velit nam quas earum voluptas tempore ullam.', 5, '2021-07-15 14:03:33', '2021-07-15 14:03:33'),
	(59, 31, 'Srta. Pâmela Carolina Feliciano Sobrinho', 'Et culpa in sit dolorum. Suscipit deserunt error et qui velit. Impedit quam deserunt voluptas unde et repudiandae perferendis.', 0, '2021-07-15 14:03:33', '2021-07-15 14:03:33'),
	(60, 30, 'Sra. Thalita Paz Rezende', 'Quos voluptatem in nemo dolorem tenetur dolorem suscipit. Non velit cumque earum. Dolore deleniti ipsam et animi voluptatibus. Quia deleniti et quia vel deserunt. Neque odit porro et et vitae eos.', 4, '2021-07-15 14:03:33', '2021-07-15 14:03:33'),
	(61, 2, 'Jean Guerra', 'Voluptates earum consequuntur quisquam similique facere. Quis explicabo quia nihil doloribus eum nulla repudiandae.', 0, '2021-07-15 14:03:33', '2021-07-15 14:03:33'),
	(62, 28, 'Wagner Fabiano Padrão Filho', 'In pariatur labore qui repellat nobis sit est. Cum saepe consequatur vero itaque nisi reprehenderit eius rerum. Deleniti soluta aut repellat hic. Ullam voluptatem explicabo et quidem.', 4, '2021-07-15 14:03:33', '2021-07-15 14:03:33'),
	(63, 31, 'Sra. Sônia Gisele Pontes', 'Excepturi eum veritatis qui. Sit magni aut incidunt modi. Maiores animi ut facilis et sit.', 5, '2021-07-15 14:03:33', '2021-07-15 14:03:33'),
	(64, 33, 'Gabrielly Campos Flores Neto', 'Laboriosam excepturi eos ipsa nemo et. Tenetur qui sed error voluptatem. Voluptas rerum eos sit illo officia dolor molestiae. Repudiandae qui eum sequi. Dicta et nihil rerum nesciunt voluptas maiores.', 4, '2021-07-15 14:03:33', '2021-07-15 14:03:33'),
	(65, 42, 'Srta. Rebeca Santiago Cruz Jr.', 'Vero ratione occaecati voluptatem cupiditate recusandae neque. Dolorem assumenda ut ipsum. Vel laudantium eos sunt cupiditate.', 2, '2021-07-15 14:03:33', '2021-07-15 14:03:33'),
	(66, 33, 'Natal Souza Neto', 'Adipisci delectus enim velit sit. Occaecati officiis sed quidem eveniet sed quae molestias. Voluptas est laborum vero ex minima sed.', 0, '2021-07-15 14:03:33', '2021-07-15 14:03:33'),
	(67, 23, 'Srta. Mônica Vega', 'Autem facere odit numquam omnis ipsum nam. Ducimus doloribus rerum ea reiciendis corrupti ut sint. Commodi dicta et perferendis molestiae voluptas fuga numquam.', 4, '2021-07-15 14:03:33', '2021-07-15 14:03:33'),
	(68, 48, 'Dr. Katherine Joyce Galindo Filho', 'Repellendus est voluptatem voluptatibus repudiandae tempore qui atque aut. Laborum voluptatibus nemo sequi reiciendis et et.', 4, '2021-07-15 14:03:33', '2021-07-15 14:03:33'),
	(69, 41, 'Sr. Allan Quintana Sobrinho', 'Veniam voluptatem ducimus beatae a explicabo. Voluptatum et est tempore quibusdam natus ut consequuntur sint. Sit excepturi odit aut placeat architecto vero dolores.', 0, '2021-07-15 14:03:33', '2021-07-15 14:03:33'),
	(70, 21, 'Sra. Sônia Rodrigues Jr.', 'Rem vel ipsam hic. Incidunt excepturi est quos alias maxime provident alias atque. Vero et architecto quia perferendis eligendi pariatur sit. Ea iste aut enim dignissimos.', 3, '2021-07-15 14:03:33', '2021-07-15 14:03:33'),
	(71, 30, 'Wilson Ortiz Filho', 'Aspernatur veniam quia possimus sunt. Corrupti laudantium ut nesciunt illo quaerat dolores tempora sed. Molestias facilis illo necessitatibus ut ipsa.', 2, '2021-07-15 14:03:33', '2021-07-15 14:03:33'),
	(72, 39, 'Sr. Gean Souza Domingues', 'Quae nobis incidunt nemo fugit consequuntur a. Ipsa sequi labore corrupti odit blanditiis explicabo quam accusamus. Ut amet quia necessitatibus. Sint et harum qui nemo est ea modi.', 0, '2021-07-15 14:03:33', '2021-07-15 14:03:33'),
	(73, 39, 'Srta. Amélia Campos', 'Earum cupiditate exercitationem aut error. Alias velit qui corporis exercitationem quo quas voluptas. Architecto aut atque quia. Qui quis id voluptatem aut voluptatum sit asperiores. Similique nihil omnis rerum.', 2, '2021-07-15 14:03:33', '2021-07-15 14:03:33'),
	(74, 5, 'Sra. Mariah Cervantes Santacruz', 'Dolor iusto cum praesentium neque aliquam soluta soluta. Adipisci temporibus hic sunt et. Qui at non optio reprehenderit odit consequatur.', 5, '2021-07-15 14:03:33', '2021-07-15 14:03:33'),
	(75, 25, 'Deivid Wesley Chaves Neto', 'Dolorem saepe nihil a quas dolore consequatur inventore. Et tempora non iure a. A at sint in repudiandae ut illum. Fuga est iure nisi facere.', 2, '2021-07-15 14:03:33', '2021-07-15 14:03:33'),
	(76, 6, 'Sra. Cíntia Mirella Gonçalves', 'Rerum voluptas voluptatem quaerat facilis occaecati aperiam. Natus soluta ut molestiae eum ut. Porro delectus est fugit sed. Minus nisi quia repellendus laborum.', 3, '2021-07-15 14:03:33', '2021-07-15 14:03:33'),
	(77, 35, 'Richard Nero Faria', 'Quisquam est voluptas laborum quisquam. Est deleniti quia amet repellat aut et libero. Voluptate odio id tempore sint sunt totam laborum. Doloremque et dolorem inventore eum cumque aut. Nisi et enim maiores quis.', 3, '2021-07-15 14:03:33', '2021-07-15 14:03:33'),
	(78, 35, 'Sr. Gean Samuel Rezende', 'Velit nam placeat officia adipisci aut amet. Ut quaerat atque suscipit aut. Quia omnis fuga omnis architecto ipsam aut. Numquam sunt possimus sed odit officia aut facilis aspernatur.', 4, '2021-07-15 14:03:33', '2021-07-15 14:03:33'),
	(79, 38, 'Dr. Ivana Leal', 'Ad ut est beatae sed aut. Nostrum sit excepturi aut id perspiciatis. Et aspernatur facere quidem ad.', 3, '2021-07-15 14:03:33', '2021-07-15 14:03:33'),
	(80, 23, 'Giovane de Arruda Sobrinho', 'Est non iure nemo quam. Est porro ullam corporis. Labore sit ab a voluptates id nihil.', 0, '2021-07-15 14:03:33', '2021-07-15 14:03:33'),
	(81, 25, 'Sr. Caio Alves Azevedo', 'Autem sequi dolorem ut consequatur molestiae aut. Sit ut iste aut adipisci. Sunt hic et sit laborum eveniet sapiente.', 5, '2021-07-15 14:03:33', '2021-07-15 14:03:33'),
	(82, 22, 'Sra. Isabella Catarina das Dores Jr.', 'Accusamus sunt perspiciatis ratione est repellendus distinctio quia. Dolores impedit vel et voluptatibus ducimus voluptates. Ducimus dolorem repellat impedit expedita id iure. Voluptatibus et porro dolores iusto consequatur voluptates.', 4, '2021-07-15 14:03:33', '2021-07-15 14:03:33'),
	(83, 11, 'Sr. Cristian Luiz Barreto Neto', 'Odio harum harum et. Quo quibusdam molestiae molestiae laboriosam rem ut nihil. Totam suscipit inventore aut. Vel qui facilis eos eligendi recusandae dolor necessitatibus.', 4, '2021-07-15 14:03:33', '2021-07-15 14:03:33'),
	(84, 39, 'Regina Lara Sandoval Filho', 'Ut labore corporis alias est quo. Aut quas omnis soluta qui sunt eos et quam.', 1, '2021-07-15 14:03:33', '2021-07-15 14:03:33'),
	(85, 34, 'Flávio Lira Carrara', 'Labore rerum commodi aut sed ullam deserunt. Sit ut et optio quis reiciendis et. Sit reprehenderit et porro molestias. Quis dolores enim sint.', 4, '2021-07-15 14:03:33', '2021-07-15 14:03:33'),
	(86, 27, 'Dr. Talita Verônica Cortês Jr.', 'Maxime et et voluptatem tenetur nihil. Ullam ipsam ut optio. Sunt est id qui ea quo. In similique veritatis dolore consequuntur similique numquam repellat.', 1, '2021-07-15 14:03:33', '2021-07-15 14:03:33'),
	(87, 36, 'Agatha Thalia Meireles', 'Et quis saepe aut molestiae saepe possimus ut. Blanditiis voluptate aut nesciunt accusantium optio pariatur. Nesciunt deserunt iure commodi est deserunt ad. Est vel labore laudantium odio et sed.', 5, '2021-07-15 14:03:33', '2021-07-15 14:03:33'),
	(88, 17, 'Dr. Luara Juliana Soares Sobrinho', 'Quae deserunt aut perspiciatis aut autem odit dolorem. Ullam et quasi vero fuga est. Sint dolore quia soluta maiores in.', 3, '2021-07-15 14:03:33', '2021-07-15 14:03:33'),
	(89, 31, 'Flor Quintana Carvalho Neto', 'Velit labore voluptatem laborum tenetur dicta. Facilis vel et molestiae consectetur illum. Sed qui quia et veniam quaerat dolor facere.', 4, '2021-07-15 14:03:33', '2021-07-15 14:03:33'),
	(90, 9, 'Juliane Miranda Branco', 'Autem qui ipsa sint et rerum velit. Blanditiis ipsam sequi tenetur. Expedita sint omnis rerum molestiae. Delectus labore est officia ut et reiciendis aut. Dicta enim asperiores distinctio eum temporibus fuga.', 2, '2021-07-15 14:03:33', '2021-07-15 14:03:33'),
	(91, 36, 'Inácio Pacheco Dominato', 'Provident deserunt porro ex doloremque ad. Quia excepturi rerum sit laboriosam sit. Suscipit voluptas quia repellendus tempore natus.', 1, '2021-07-15 14:03:33', '2021-07-15 14:03:33'),
	(92, 38, 'Sra. Gabriela Marques Molina', 'Quia facere eum laborum doloremque perferendis. Accusamus et alias autem voluptas quia voluptatem. Dolor rem accusamus optio et sit a iusto. Velit unde ipsa tenetur aut sint non.', 5, '2021-07-15 14:03:33', '2021-07-15 14:03:33'),
	(93, 8, 'Srta. Iasmin Jimenes Jr.', 'In voluptate excepturi corrupti quibusdam nam. Et magni dignissimos est et quidem. Et et nobis vero similique quo. Qui modi hic harum fuga qui explicabo.', 5, '2021-07-15 14:03:33', '2021-07-15 14:03:33'),
	(94, 50, 'Sr. Adriano Valdez', 'Eos occaecati itaque et. Placeat dolorem suscipit quia eius cupiditate. Quam vero et molestias consequatur excepturi. Consequatur iure voluptatem quisquam hic.', 5, '2021-07-15 14:03:33', '2021-07-15 14:03:33'),
	(95, 23, 'Manoela Sandoval', 'Nam ex voluptatem non velit ut nemo. Repellendus maxime ut rem. Porro omnis quia delectus alias.', 2, '2021-07-15 14:03:33', '2021-07-15 14:03:33'),
	(96, 7, 'Srta. Ohana Medina', 'Quo cumque aliquid a laudantium nihil similique natus. Ut quae voluptatem ipsa nulla neque. Saepe nulla inventore est aut pariatur quia sint. Tempora nobis cumque consequatur dignissimos.', 4, '2021-07-15 14:03:33', '2021-07-15 14:03:33'),
	(97, 39, 'Sr. Otávio Fernando Padrão', 'Aliquam eos assumenda reprehenderit. Dolor sapiente praesentium enim tempore et sunt reprehenderit et. Natus quis earum maxime fugiat nostrum quia commodi. Id hic reprehenderit cumque qui voluptas.', 1, '2021-07-15 14:03:33', '2021-07-15 14:03:33'),
	(98, 39, 'Lucio Júlio Vieira', 'Et rerum officiis labore omnis dolorem. Natus quae qui vero ad est. Architecto natus dicta reiciendis nostrum ex aspernatur quis esse. Temporibus fugit excepturi et quae quas itaque.', 4, '2021-07-15 14:03:33', '2021-07-15 14:03:33'),
	(99, 16, 'Isabel Guerra Branco', 'Quibusdam modi soluta et voluptas voluptas vitae similique. Est sit amet porro occaecati ratione quia et. Rerum ducimus neque ipsum alias et. Expedita consequuntur quidem rerum voluptas hic incidunt aliquam. Quas nihil quia debitis et dolores ab.', 0, '2021-07-15 14:03:33', '2021-07-15 14:03:33'),
	(100, 50, 'Nelson Vila D\'ávila Filho', 'Nemo rerum voluptatibus ea provident. Molestias in aperiam sit aliquid quis voluptatem ea. Delectus veniam repudiandae sint eos iure ipsam.', 3, '2021-07-15 14:03:33', '2021-07-15 14:03:33'),
	(101, 13, 'Ricardo Vega Solano Neto', 'Ut expedita aspernatur excepturi maiores et aperiam. Commodi minus praesentium omnis iste molestiae. Corrupti omnis ad non aut aut sit quo. Repudiandae iusto voluptate non optio dolorum.', 5, '2021-07-15 14:03:33', '2021-07-15 14:03:33'),
	(102, 6, 'Emiliano Caldeira', 'Qui quidem ut animi quia. Excepturi dignissimos itaque nisi minima voluptatem rerum saepe. Atque ut iusto quos fugit dolore sed.', 2, '2021-07-15 14:03:33', '2021-07-15 14:03:33'),
	(103, 45, 'Paulo Perez Uchoa', 'Nobis quas qui et autem sunt. A id asperiores est.', 1, '2021-07-15 14:03:33', '2021-07-15 14:03:33'),
	(104, 2, 'Giovane Zaragoça Ferreira', 'Perspiciatis minima et et eaque et nulla eveniet. Iusto omnis odit tempore. Esse quas provident nisi.', 2, '2021-07-15 14:03:33', '2021-07-15 14:03:33'),
	(105, 20, 'Dr. Jorge Joaquim de Aguiar Jr.', 'Adipisci dolores incidunt ut molestiae quae deserunt. Culpa nemo dolore iusto tempora iste et nisi. Quo hic ut blanditiis sapiente quos. Sed totam blanditiis qui voluptatem maiores. Quae ad corporis ea aut quia consequatur.', 1, '2021-07-15 14:03:33', '2021-07-15 14:03:33'),
	(106, 36, 'Cecília Martines Vale', 'Quod ut aut dolorem dolores laudantium. Doloremque et maxime dolore repudiandae dolor ipsa. Atque nobis et illo sed debitis deserunt consequuntur.', 0, '2021-07-15 14:03:33', '2021-07-15 14:03:33'),
	(107, 46, 'Dr. Michelle Gomes', 'Architecto et et reprehenderit sunt adipisci. Sunt laudantium debitis commodi debitis voluptates est fugiat. Nihil accusamus pariatur ab ut tempore.', 3, '2021-07-15 14:03:33', '2021-07-15 14:03:33'),
	(108, 48, 'Dr. Mirela Reis', 'Et tenetur ipsa id repudiandae similique. Est nesciunt non quia error est.', 4, '2021-07-15 14:03:33', '2021-07-15 14:03:33'),
	(109, 44, 'Agustina Corona Santacruz', 'Ratione unde voluptas assumenda. Exercitationem vitae accusamus voluptatem. Molestias ullam eius aspernatur quasi illum officia dolor unde. Qui porro hic asperiores tempora velit quibusdam occaecati. Quo animi cupiditate pariatur quas culpa.', 2, '2021-07-15 14:03:33', '2021-07-15 14:03:33'),
	(110, 27, 'Dr. Valentina Thaís Zambrano Jr.', 'Et dolor sit asperiores laborum. Dignissimos cum fugit et iure consequatur vero et. Non aut ducimus laborum sapiente molestiae.', 4, '2021-07-15 14:03:33', '2021-07-15 14:03:33'),
	(111, 42, 'Sabrina Domingues Jr.', 'Autem rerum qui sint eum voluptas et consectetur. Explicabo ducimus eaque consequatur quas in tempore in. Unde quo libero voluptatibus. Dolor doloribus consequuntur doloribus dolorum et voluptas.', 5, '2021-07-15 14:03:33', '2021-07-15 14:03:33'),
	(112, 30, 'Sr. Danilo Roque Santiago Neto', 'Aut dignissimos aut cumque id voluptatibus rerum. Cupiditate nihil vitae praesentium rerum enim tempora. Occaecati vel eveniet eum dolorem. Velit qui inventore aspernatur natus aliquam. Exercitationem ex dolores ut dolore ratione.', 5, '2021-07-15 14:03:33', '2021-07-15 14:03:33'),
	(113, 21, 'Agostinho Benedito Serrano Filho', 'Ipsa ut et ut asperiores omnis itaque qui. Sit a beatae quo quidem optio perspiciatis ipsa asperiores. Et rerum natus quos ducimus et a qui.', 2, '2021-07-15 14:03:33', '2021-07-15 14:03:33'),
	(114, 43, 'Sra. Amanda Matias Salas', 'Est est soluta nemo assumenda. Mollitia voluptas illum asperiores sed repudiandae magni eos. Ratione quia aliquam assumenda adipisci hic autem. Quo doloribus aut facilis autem id atque id.', 1, '2021-07-15 14:03:33', '2021-07-15 14:03:33'),
	(115, 9, 'Estêvão Marinho Neto', 'Ut mollitia culpa modi exercitationem. Officiis esse molestiae maxime dicta consectetur enim aut. Atque illum delectus modi sed aut. Quis blanditiis ut nihil consectetur perferendis.', 1, '2021-07-15 14:03:33', '2021-07-15 14:03:33'),
	(116, 47, 'Sandro Padilha Lutero', 'Aperiam non odio vel unde asperiores. Blanditiis eum quod id quo. Quae quia velit illum voluptatibus nihil quas cupiditate. Aut repudiandae porro ipsum consequatur molestiae qui non.', 0, '2021-07-15 14:03:33', '2021-07-15 14:03:33'),
	(117, 40, 'Sr. Jácomo Salgado', 'Aut eius libero fugiat tempora ab. Molestiae et aspernatur doloremque occaecati et velit molestiae. Voluptatem ratione distinctio at eum dolor voluptas cumque. Eaque quos velit nisi dolores.', 0, '2021-07-15 14:03:33', '2021-07-15 14:03:33'),
	(118, 38, 'Sr. Eduardo Christian Saito Sobrinho', 'Corporis optio debitis maxime laudantium temporibus eligendi. Praesentium quos voluptatum quisquam ut quas repudiandae.', 3, '2021-07-15 14:03:33', '2021-07-15 14:03:33'),
	(119, 8, 'Felipe Ortega', 'Assumenda tempore rem consectetur quae enim quis. Et impedit voluptatem aut tempore reiciendis ut. Ut rem quae libero temporibus consequuntur. Rerum enim eius dolorem doloremque consectetur dignissimos ut officia.', 1, '2021-07-15 14:03:33', '2021-07-15 14:03:33'),
	(120, 37, 'Adriele Valência Chaves Jr.', 'Deserunt qui et et. Inventore non est odit earum id culpa. Ad provident molestiae laudantium architecto laborum nobis animi. Sed doloremque quae ea. Facere est repellat praesentium pariatur in amet.', 0, '2021-07-15 14:03:33', '2021-07-15 14:03:33'),
	(121, 9, 'Luiza Rocha Filho', 'Magni inventore ex et laboriosam aliquam sit consequuntur. Ipsa esse consequatur ut eveniet deserunt. Aut est illum enim et. Veniam quasi a asperiores.', 3, '2021-07-15 14:03:33', '2021-07-15 14:03:33'),
	(122, 42, 'Dr. Thales Lourenço Zamana', 'Quis tempore molestias veritatis et quo odio tempore. Doloremque eius suscipit temporibus enim illo qui id. Explicabo quis voluptates quia expedita alias ex quasi dicta.', 3, '2021-07-15 14:03:33', '2021-07-15 14:03:33'),
	(123, 4, 'Sr. Victor Matias Santacruz Neto', 'Facere officiis saepe est beatae ex. Expedita tenetur veritatis atque alias sit est similique. Blanditiis aut ad est doloribus dolorem. Doloribus quia nihil ab eius placeat quia.', 4, '2021-07-15 14:03:33', '2021-07-15 14:03:33'),
	(124, 9, 'Erik Zaragoça Filho', 'Beatae quisquam alias dolor est quaerat. Qui sint ut corrupti ut ratione hic. Ratione officia modi unde et. Dignissimos voluptatibus voluptas ut.', 3, '2021-07-15 14:03:33', '2021-07-15 14:03:33'),
	(125, 48, 'Leonardo Bittencourt Perez', 'Corrupti fugit explicabo odit necessitatibus ad vel non. Exercitationem commodi quia dolore nihil sapiente officiis. Dolor enim deleniti velit aut nam architecto aut.', 4, '2021-07-15 14:03:33', '2021-07-15 14:03:33'),
	(126, 19, 'Sra. Dayane Valdez Sobrinho', 'Repudiandae repellendus ipsa tempore. Reiciendis exercitationem qui mollitia. Quia dolore corporis voluptas et. Deserunt at voluptas fugiat ipsum minima odio et.', 3, '2021-07-15 14:03:33', '2021-07-15 14:03:33'),
	(127, 10, 'Srta. Malena Ortega Jr.', 'Voluptas aut in voluptatibus tenetur vero. Adipisci voluptatum consectetur non nesciunt aut dolore nam porro. Consequatur deserunt harum ut et.', 2, '2021-07-15 14:03:33', '2021-07-15 14:03:33'),
	(128, 27, 'Sra. Abgail Teles Filho', 'Dolores ullam et qui et. Dolorem enim nesciunt necessitatibus et tenetur. Qui et veritatis id expedita sit rem velit. Eius id doloremque sunt aut.', 5, '2021-07-15 14:03:33', '2021-07-15 14:03:33'),
	(129, 16, 'Renato Faro Matos', 'Qui veniam officiis est. Voluptatem repellendus quas nesciunt deleniti assumenda. Quis eius repudiandae quia.', 0, '2021-07-15 14:03:33', '2021-07-15 14:03:33'),
	(130, 14, 'Sr. Maicon Marés Neto', 'Vero vitae magni rem expedita corporis qui eaque. Dolorum quia illo repellat ab soluta impedit. Aut ea eligendi ducimus saepe hic.', 5, '2021-07-15 14:03:33', '2021-07-15 14:03:33'),
	(131, 29, 'Joaquin Sandoval Filho', 'Error ut autem molestiae deleniti provident dolorem. Iure facere quasi sapiente quos aliquid sunt error. Ut occaecati ut est excepturi ducimus voluptatum.', 3, '2021-07-15 14:03:33', '2021-07-15 14:03:33'),
	(132, 2, 'Sra. Melissa Catarina Garcia', 'Ut est debitis maxime temporibus inventore error ea. Est vitae aut consequatur accusamus consequatur. Esse autem eius iste temporibus qui nisi ipsa. Voluptatem quidem voluptates sit fuga quam.', 1, '2021-07-15 14:03:33', '2021-07-15 14:03:33'),
	(133, 7, 'Juliano Alves Brito', 'Eum dolores aliquid fugit vero veritatis. Quod suscipit fuga dicta totam. Adipisci officia consequatur molestiae deleniti eos. Quibusdam minus ipsa temporibus. Facere id sint aspernatur nulla id quas.', 4, '2021-07-15 14:03:33', '2021-07-15 14:03:33'),
	(134, 9, 'Artur Mário Vieira Neto', 'Porro praesentium aut nulla necessitatibus. Est quia id ea quis. Molestiae quos id est voluptas. Et praesentium minima officia quia earum unde ut rerum.', 4, '2021-07-15 14:03:33', '2021-07-15 14:03:33'),
	(135, 25, 'Srta. Denise Velasques Pena', 'Ipsam impedit earum in possimus placeat voluptatem dignissimos. Dolor et minima repellendus magni. Natus debitis nemo blanditiis vel mollitia rerum rem.', 3, '2021-07-15 14:03:33', '2021-07-15 14:03:33'),
	(136, 6, 'Srta. Pérola Batista Rangel', 'Tempora amet ut et qui veniam omnis corrupti. Distinctio vel quia illum minus pariatur. Incidunt harum aut recusandae voluptatibus quasi aut culpa molestiae. Dolorem doloremque asperiores odio et.', 5, '2021-07-15 14:03:33', '2021-07-15 14:03:33'),
	(137, 3, 'Jonas Juliano Sales', 'Quam numquam iusto earum voluptas facilis. Adipisci omnis maiores id pariatur rem. Excepturi dolorem sit dolorum ipsam qui quia blanditiis. Ea qui molestiae nihil quasi.', 3, '2021-07-15 14:03:33', '2021-07-15 14:03:33'),
	(138, 5, 'Samuel Galhardo', 'Nostrum doloribus sequi adipisci illo repellat est doloremque. Doloribus aut alias omnis unde rerum illo. Ipsa ut tenetur eos repellendus facilis esse itaque qui.', 2, '2021-07-15 14:03:33', '2021-07-15 14:03:33'),
	(139, 33, 'Thalia Yasmin Leal', 'Ut possimus unde laborum explicabo. Ut amet cupiditate modi quisquam itaque fugiat. A rerum est voluptatem fugit et.', 2, '2021-07-15 14:03:33', '2021-07-15 14:03:33'),
	(140, 32, 'Manoela Bia Balestero', 'Corrupti animi voluptatem soluta odit. Deserunt cumque voluptatem dolore qui incidunt deleniti. Voluptas magnam ex nihil et. Cum nihil libero repellat ex consectetur porro.', 2, '2021-07-15 14:03:33', '2021-07-15 14:03:33'),
	(141, 7, 'Sr. Michael Leal Jr.', 'Vel veniam fugiat non quaerat officiis corporis in. Quo nihil reiciendis voluptas. Mollitia velit sunt quam nisi dolore nostrum saepe natus.', 3, '2021-07-15 14:03:33', '2021-07-15 14:03:33'),
	(142, 36, 'Dr. Nathalia Espinoza Esteves Filho', 'Aspernatur quos nobis dolorem libero maiores. Velit nam qui sint aut aliquam. Odit delectus minus ut porro.', 4, '2021-07-15 14:03:33', '2021-07-15 14:03:33'),
	(143, 20, 'Denis Padilha Faro', 'Laborum rerum sunt ad et optio. Et quasi aut quis dolorem qui voluptate sit quia. Eius illum sit quisquam qui doloribus saepe. Quae quisquam voluptates omnis ut eligendi. Harum ducimus maxime quo non ad.', 4, '2021-07-15 14:03:33', '2021-07-15 14:03:33'),
	(144, 45, 'Sr. Heitor Samuel Perez', 'Maxime ipsam est et ab asperiores quasi laboriosam. Exercitationem ut in voluptatem qui. Asperiores temporibus id maiores aut qui.', 3, '2021-07-15 14:03:33', '2021-07-15 14:03:33'),
	(145, 49, 'Sra. Gabrielle Késia Bittencourt', 'Numquam rem qui aut possimus iusto consequatur similique amet. Voluptates nulla expedita qui qui odit molestias. Praesentium ad maiores quo dolorum ut.', 5, '2021-07-15 14:03:33', '2021-07-15 14:03:33'),
	(146, 21, 'Dr. Alessandra Laura Mendonça', 'Enim doloribus ea blanditiis. Eos laborum fuga fuga atque ut. Sunt aliquid et quia aperiam. Eos accusantium autem est voluptatem.', 4, '2021-07-15 14:03:33', '2021-07-15 14:03:33'),
	(147, 30, 'Cauan Aguiar Vasques Jr.', 'Qui sunt labore alias molestiae accusantium aliquam dignissimos. Repellat alias facilis nostrum neque quia qui.', 5, '2021-07-15 14:03:33', '2021-07-15 14:03:33'),
	(148, 15, 'Sr. Ziraldo Saraiva Delgado Sobrinho', 'Dolores quia omnis maxime similique illum fugit. Dolor nemo incidunt aut ratione rerum rerum ipsam fugit. Et ipsum voluptatem laudantium saepe. Asperiores quibusdam magni porro aut enim tempora aspernatur ea.', 2, '2021-07-15 14:03:33', '2021-07-15 14:03:33'),
	(149, 14, 'Dr. Ronaldo Guerra Filho', 'Non aut occaecati nostrum dolores. Itaque repellat a et qui consequatur nesciunt. Fugit omnis libero voluptas qui assumenda et vitae. Voluptates praesentium ut ut ut ad.', 3, '2021-07-15 14:03:33', '2021-07-15 14:03:33'),
	(150, 48, 'Paulo Fidalgo', 'Doloremque sit voluptatum maiores aut. Nulla in porro nisi illo et veritatis soluta. Saepe impedit fuga eligendi quos sint inventore.', 5, '2021-07-15 14:03:33', '2021-07-15 14:03:33'),
	(151, 4, 'Liz Colaço Casanova', 'Quasi est quia facere necessitatibus. Autem nobis accusantium pariatur non quam. Explicabo amet velit voluptate iure dolor. Dolorem vel ut beatae ipsa nisi voluptas numquam.', 2, '2021-07-15 14:03:33', '2021-07-15 14:03:33'),
	(152, 38, 'Gabrielle Lira Jr.', 'Dolores eius aliquid accusamus et. Aut quisquam ratione sit aspernatur exercitationem temporibus. Nulla voluptas doloremque dolorum nam libero debitis rerum.', 3, '2021-07-15 14:03:33', '2021-07-15 14:03:33'),
	(153, 38, 'Nicolas Willian Lovato Jr.', 'Voluptatem quia rerum et iusto nulla blanditiis accusamus. Autem architecto enim eos inventore. Perferendis facilis corporis dignissimos ad dolor.', 1, '2021-07-15 14:03:33', '2021-07-15 14:03:33'),
	(154, 13, 'Srta. Isabella Perez Jr.', 'Ipsum quibusdam voluptas officia sunt. Mollitia excepturi molestiae maiores ullam consequatur. Labore iusto sunt dolor laboriosam suscipit.', 3, '2021-07-15 14:03:33', '2021-07-15 14:03:33'),
	(155, 23, 'Dr. Leonardo Valência', 'Itaque vel dolor omnis est porro. Quis voluptatibus at sit. Excepturi illo eaque illo inventore. Aut quis dicta nemo.', 3, '2021-07-15 14:03:33', '2021-07-15 14:03:33'),
	(156, 36, 'Srta. Amélia Prado Jr.', 'Voluptatem beatae vero ut ut. Nesciunt dolor sit voluptate sit et. Totam id saepe in dolores odio quaerat facilis. Veniam magni ad quo quos. Ea quibusdam ut voluptas animi quisquam.', 1, '2021-07-15 14:03:33', '2021-07-15 14:03:33'),
	(157, 7, 'Dr. Eric Ferraz Neto', 'Aut sunt perspiciatis voluptatem rerum. Magni quam quo amet error corporis non rerum. Ducimus et ea molestiae voluptates. Hic at placeat ab ut molestiae. Maxime laboriosam excepturi vero quos at aut corrupti.', 2, '2021-07-15 14:03:33', '2021-07-15 14:03:33'),
	(158, 44, 'Fabiano Valência', 'Aliquam similique vel reiciendis. Exercitationem ut repellat itaque consequuntur eligendi nobis. Sit nam iure accusantium est.', 3, '2021-07-15 14:03:33', '2021-07-15 14:03:33'),
	(159, 15, 'Olívia Salazar Medina Neto', 'Odit dolorem suscipit non quisquam eligendi. Nihil illo deleniti temporibus repellat. Et aut ut veritatis ipsam aut. Placeat totam id et voluptatem dolorum et. Quas sequi enim voluptatum nulla sit.', 3, '2021-07-15 14:03:33', '2021-07-15 14:03:33'),
	(160, 46, 'Sr. Marcelo de Souza Aragão Filho', 'Quis et quia ad. Distinctio atque quas voluptas.', 2, '2021-07-15 14:03:33', '2021-07-15 14:03:33'),
	(161, 28, 'Luiza Lira Neto', 'Repellat qui eum voluptas provident molestias dolor inventore. Distinctio sunt reprehenderit in architecto ut asperiores. Expedita odit id error iure.', 1, '2021-07-15 14:03:33', '2021-07-15 14:03:33'),
	(162, 10, 'Sr. Eric Andres Alves Filho', 'Sed dolores quod laudantium quos et. Aut autem tempore ut non. Alias reprehenderit magni delectus quas sunt ea vel.', 4, '2021-07-15 14:03:33', '2021-07-15 14:03:33'),
	(163, 50, 'Dr. Yohanna Esther Franco Jr.', 'Rerum aut harum excepturi. Qui autem consequuntur quo laborum a ipsum molestias. Animi nesciunt tempore et dolore est. Porro ipsam eaque molestiae aut impedit eos.', 5, '2021-07-15 14:03:33', '2021-07-15 14:03:33'),
	(164, 47, 'Sra. Rayane Marés Salas', 'Consectetur rerum tempora ut quis perspiciatis recusandae. Ducimus eveniet eligendi fugit aut ad quisquam. Est aut explicabo quo voluptatum quo cumque.', 4, '2021-07-15 14:03:33', '2021-07-15 14:03:33'),
	(165, 32, 'Marina Rosana Esteves Neto', 'Molestias ducimus nobis alias similique. Facere aliquam nihil est aut iste quia. Sed magnam ut consequuntur voluptatem sunt et.', 5, '2021-07-15 14:03:33', '2021-07-15 14:03:33'),
	(166, 17, 'Maria Ruth de Oliveira', 'Hic veritatis id quasi ipsa architecto quod non. Molestiae veniam dignissimos possimus illum repellat consequatur. Voluptatum et laudantium est est quasi deserunt qui. Assumenda iste quia debitis sunt.', 2, '2021-07-15 14:03:33', '2021-07-15 14:03:33'),
	(167, 46, 'Sra. Yohanna Torres', 'Eos molestiae quidem impedit omnis rerum enim et. Nam dignissimos in quis aut at. Est nihil repellendus ipsam molestias adipisci et. Delectus repellendus maxime magnam et ipsum.', 0, '2021-07-15 14:03:33', '2021-07-15 14:03:33'),
	(168, 15, 'Sr. Raphael Camacho Neto', 'Quis at voluptatem rem nihil omnis voluptates vel. Debitis iste omnis quibusdam libero. Aspernatur et rerum repudiandae doloribus aut vel.', 1, '2021-07-15 14:03:33', '2021-07-15 14:03:33'),
	(169, 45, 'Violeta Galvão Domingues Filho', 'Id suscipit omnis iste voluptas quidem odio quibusdam. Velit et iure qui non velit quaerat quae et. Voluptas reprehenderit accusantium rerum non dolore. Possimus odio amet nisi qui facere sit.', 3, '2021-07-15 14:03:33', '2021-07-15 14:03:33'),
	(170, 45, 'Franco Maurício Santacruz', 'Est itaque ullam repellendus sint dolor rerum rerum ex. Suscipit iste sunt dolorem aperiam voluptas. Nihil enim quisquam sunt. Consectetur sit dignissimos officia eos consequatur. Libero id at id et ipsam temporibus alias.', 5, '2021-07-15 14:03:33', '2021-07-15 14:03:33'),
	(171, 26, 'Lara Serna', 'Vitae facere molestiae quam a voluptas impedit. Quis ullam officia voluptate dicta. Hic aut nobis cum beatae doloremque.', 3, '2021-07-15 14:03:33', '2021-07-15 14:03:33'),
	(172, 39, 'Sr. Joaquim Maximiano Bittencourt', 'Earum ab voluptatum nesciunt totam amet occaecati. Voluptatem voluptas inventore cupiditate. Quam incidunt corporis delectus quo ut sed libero.', 2, '2021-07-15 14:03:33', '2021-07-15 14:03:33'),
	(173, 22, 'Rayane Batista Jr.', 'Sunt blanditiis id tenetur debitis quia aut. Id voluptatem provident laborum. Qui est vitae eius quam quia ut fugit.', 0, '2021-07-15 14:03:33', '2021-07-15 14:03:33'),
	(174, 19, 'Elaine Constância Pacheco Filho', 'Adipisci voluptatem adipisci aliquam. In tempore odit libero aut fuga. Ex cum quo iste esse. Ut quisquam modi aut iusto quo.', 4, '2021-07-15 14:03:33', '2021-07-15 14:03:33'),
	(175, 49, 'Dr. Tiago Rodrigues', 'Dolorum et blanditiis laboriosam veritatis voluptatem hic. Cumque nisi sequi est fugiat temporibus perspiciatis assumenda ut.', 2, '2021-07-15 14:03:33', '2021-07-15 14:03:33'),
	(176, 49, 'Mirela Valentin Jr.', 'Quisquam aut voluptas qui nihil maxime. Maiores tempore recusandae eos omnis eos. Eaque quaerat ex modi suscipit aliquam et.', 1, '2021-07-15 14:03:33', '2021-07-15 14:03:33'),
	(177, 11, 'Sra. Pâmela Sandoval Filho', 'Qui accusantium ipsam voluptatibus eos rem. Consequatur aspernatur aliquam blanditiis voluptatem consequuntur omnis est sapiente. Magni excepturi assumenda delectus culpa voluptatem hic ea et. Molestias nihil alias voluptas.', 5, '2021-07-15 14:03:33', '2021-07-15 14:03:33'),
	(178, 39, 'Sra. Nádia Correia', 'Aut sequi fugiat doloremque repellendus tempore est. Numquam molestiae repellat dolores dicta in in. Ut aut quibusdam perferendis asperiores a sed harum ab.', 2, '2021-07-15 14:03:33', '2021-07-15 14:03:33'),
	(179, 40, 'Dr. Liz Bonilha Gomes Jr.', 'Rerum nobis velit voluptas. Cupiditate quam ut impedit ratione culpa in architecto. Impedit magni itaque et aut.', 0, '2021-07-15 14:03:33', '2021-07-15 14:03:33'),
	(180, 5, 'Dirce Saraiva', 'Aut rerum consequatur labore voluptatem eos sit iure pariatur. Omnis soluta aliquam officia qui vero. Voluptas aut dolore molestiae quam.', 0, '2021-07-15 14:03:33', '2021-07-15 14:03:33'),
	(181, 36, 'Abgail Fontes', 'Qui aut dolore ut quos laborum. Voluptatem tenetur molestias eos. Nulla numquam sed et hic ipsa. Nobis eos et et et saepe labore tempore.', 4, '2021-07-15 14:03:33', '2021-07-15 14:03:33'),
	(182, 18, 'George Leal', 'Sit odio doloremque corrupti cumque distinctio sint exercitationem. Et accusantium cumque aut tempora in eos. Esse et officia nisi est necessitatibus debitis. Molestias omnis facere dolorum est rem. Eligendi aut laboriosam cum.', 2, '2021-07-15 14:03:33', '2021-07-15 14:03:33'),
	(183, 11, 'Sra. Agustina Santana Santana', 'Quos alias est quia nobis. Aperiam ut error molestiae incidunt occaecati natus. Voluptas adipisci voluptatem sequi quaerat ut. Eius rerum itaque hic reiciendis delectus.', 0, '2021-07-15 14:03:33', '2021-07-15 14:03:33'),
	(184, 48, 'Sr. Sebastião Molina', 'Enim rerum sapiente aut et explicabo qui non. Unde repudiandae suscipit sint aut a. Eius dolor tenetur voluptas quia nobis.', 0, '2021-07-15 14:03:33', '2021-07-15 14:03:33'),
	(185, 6, 'Natan Ávila', 'Suscipit placeat ad architecto animi aut consequuntur. Quia quia error veritatis enim et modi. Quia molestiae unde mollitia deserunt.', 2, '2021-07-15 14:03:33', '2021-07-15 14:03:33'),
	(186, 40, 'Dr. Vinícius Ortiz', 'Ab aut et animi quia sed quia. Consectetur dolorem vel minus et est modi saepe qui. Quae occaecati voluptatem omnis.', 3, '2021-07-15 14:03:33', '2021-07-15 14:03:33'),
	(187, 15, 'Rosana Meireles', 'Aut enim omnis rerum maiores. Et fuga eveniet dolore iste ut sapiente velit. Minima delectus quia deserunt id esse est maiores quo.', 5, '2021-07-15 14:03:33', '2021-07-15 14:03:33'),
	(188, 35, 'Sr. Franco Rogério Souza Jr.', 'Totam et qui illum et odio. Quidem mollitia at omnis sed sed. Accusantium placeat in autem culpa recusandae autem beatae.', 5, '2021-07-15 14:03:33', '2021-07-15 14:03:33'),
	(189, 38, 'Dr. Thalita Marques Delgado Neto', 'Beatae temporibus similique necessitatibus iusto est nostrum aut aut. Adipisci aut voluptate tenetur aut expedita. Deserunt suscipit quod numquam.', 1, '2021-07-15 14:03:33', '2021-07-15 14:03:33'),
	(190, 48, 'Sr. Cristian Ferminiano Paes', 'At eos esse voluptas saepe debitis asperiores. Molestiae dolorum rerum ea. Et ut soluta magnam. Minima labore laboriosam ratione eum incidunt.', 2, '2021-07-15 14:03:33', '2021-07-15 14:03:33'),
	(191, 45, 'Yuri Casanova Vale', 'Perspiciatis facilis eos fugiat sapiente asperiores iure. Qui culpa architecto iusto dignissimos qui. Vel fuga sed autem nobis. Expedita ut est voluptate assumenda quaerat consequatur est.', 4, '2021-07-15 14:03:33', '2021-07-15 14:03:33'),
	(192, 12, 'Sra. Ayla Serrano Filho', 'Unde quidem et velit officia aliquam earum consequatur. Aut cupiditate voluptates eveniet praesentium dolore nihil voluptatem. Blanditiis iste voluptas recusandae asperiores in. Sed ad aspernatur officia omnis animi odio commodi at.', 3, '2021-07-15 14:03:33', '2021-07-15 14:03:33'),
	(193, 8, 'Luis Rezende Correia', 'Velit id ratione et voluptatem modi. Recusandae et animi nemo iure commodi. Vel dolor non omnis rerum. Velit saepe ut nisi a ut.', 1, '2021-07-15 14:03:33', '2021-07-15 14:03:33'),
	(194, 44, 'Srta. Paloma Ávila', 'Porro doloremque ab et nesciunt sit quasi. Ea perspiciatis consequuntur delectus sed et. Et earum aut est velit perspiciatis. Voluptates sed dolores nesciunt consequuntur.', 0, '2021-07-15 14:03:33', '2021-07-15 14:03:33'),
	(195, 13, 'Regina Vila Marinho', 'Rerum dolor quas sit magnam veritatis. Nihil iusto explicabo odio recusandae accusantium et. Voluptas est occaecati libero dignissimos. Ut quia fugiat est aut.', 3, '2021-07-15 14:03:33', '2021-07-15 14:03:33'),
	(196, 10, 'Dr. Benjamin Sales Filho', 'Excepturi rerum rerum non rerum in officia consectetur. Soluta amet aut doloremque. Quis veniam quis tenetur tenetur iste pariatur itaque.', 2, '2021-07-15 14:03:33', '2021-07-15 14:03:33'),
	(197, 12, 'Aaron Ferreira Jr.', 'Doloremque deleniti esse aut eos ex. Ea omnis sequi veritatis nihil mollitia dolores.', 1, '2021-07-15 14:03:33', '2021-07-15 14:03:33'),
	(198, 5, 'Dr. Mayara Queirós Lozano', 'Aut accusamus sed eligendi perferendis provident earum molestiae. Quos et omnis reiciendis sunt labore unde quos. Voluptas culpa qui aliquid optio consequatur est. Blanditiis repellat id maxime ullam expedita quis dignissimos neque.', 3, '2021-07-15 14:03:33', '2021-07-15 14:03:33'),
	(199, 35, 'Srta. Marisa Maraisa Saito Sobrinho', 'Magni debitis qui consequatur eos non quis mollitia nihil. Dicta eos voluptatem quidem rerum. Vero ex quia hic eius id eos. Unde enim eius voluptatum reiciendis praesentium atque nemo.', 4, '2021-07-15 14:03:33', '2021-07-15 14:03:33'),
	(200, 24, 'Emily Jimenes', 'Ratione error voluptatibus a. Vero qui sit nostrum quia omnis. Vero nihil velit assumenda quis molestiae minima omnis.', 3, '2021-07-15 14:03:33', '2021-07-15 14:03:33'),
	(201, 44, 'Edilson Marés Neto', 'Omnis voluptatem necessitatibus dicta eos. Rem omnis odio praesentium asperiores culpa aperiam est. Asperiores eaque nihil et velit voluptatem est. Voluptatem necessitatibus nulla consequatur ratione sed voluptas.', 4, '2021-07-15 14:03:33', '2021-07-15 14:03:33'),
	(202, 13, 'Sr. Fabiano Ortiz Furtado Filho', 'Quo autem enim cum et ut dignissimos. Ea dolores non iure et. Illum est explicabo eius cumque ipsum rerum.', 2, '2021-07-15 14:03:33', '2021-07-15 14:03:33'),
	(203, 37, 'Madalena Flores Valentin', 'Qui consectetur magnam repudiandae blanditiis omnis natus laboriosam. Ipsum non non est iste modi. Ipsum consequatur enim fugiat.', 2, '2021-07-15 14:03:33', '2021-07-15 14:03:33'),
	(204, 8, 'Filipe Bezerra Lozano', 'Non reiciendis odit rerum aut itaque ad inventore. Provident unde error temporibus cupiditate adipisci. Et et quam sapiente fugiat ut.', 1, '2021-07-15 14:03:33', '2021-07-15 14:03:33'),
	(205, 47, 'Diego Saraiva Zambrano', 'Aut eligendi non ut non et at. Voluptatibus est in non numquam earum. Enim consequuntur vitae molestiae dolorem est nemo. Iste molestiae omnis sed sed. Dolore sint earum ab sit qui nihil.', 2, '2021-07-15 14:03:33', '2021-07-15 14:03:33'),
	(206, 26, 'Dr. Otávio Neves Padilha', 'Id illum alias perferendis maxime autem neque rerum. Possimus consequatur nostrum voluptatum atque molestiae. Modi error delectus sed non id. Nisi animi autem impedit illo dolore voluptate modi.', 2, '2021-07-15 14:03:33', '2021-07-15 14:03:33'),
	(207, 44, 'Gael Queirós Filho', 'Soluta deleniti sit quia. Voluptatem illo laboriosam accusamus iusto dolorem maiores ut. Quia aut repudiandae consequatur dolores. Ab rerum et ex vero dolores omnis dignissimos.', 0, '2021-07-15 14:03:33', '2021-07-15 14:03:33'),
	(208, 23, 'Laiane Verônica Ferraz Neto', 'Illo expedita rerum ipsam voluptas non nulla asperiores. Sunt voluptatem autem reprehenderit inventore autem. Nisi temporibus eaque ducimus quam quis ipsa. Eum rerum odio quod nulla autem aliquam qui reprehenderit.', 1, '2021-07-15 14:03:33', '2021-07-15 14:03:33'),
	(209, 13, 'Sr. James Aranda', 'Accusamus sequi aliquid quia et eaque pariatur accusamus. Quasi commodi fugit aliquam. Atque dolor sint unde sapiente et. Est magni rem assumenda.', 2, '2021-07-15 14:03:33', '2021-07-15 14:03:33'),
	(210, 5, 'Sr. Nelson Lira Galindo Neto', 'Itaque omnis non non est. Rerum ex consequuntur repellat minima.', 3, '2021-07-15 14:03:33', '2021-07-15 14:03:33'),
	(211, 48, 'Naiara Bárbara Correia', 'Non est ullam sit veritatis. Rerum recusandae eos aspernatur cumque omnis a. Voluptatum assumenda incidunt nostrum doloribus rerum. Nesciunt in voluptatem aliquam quas consequuntur tempora dicta nesciunt. Et ut dolorem quia officiis et delectus.', 5, '2021-07-15 14:03:33', '2021-07-15 14:03:33'),
	(212, 46, 'Maurício Juan Serrano Neto', 'Porro maxime maiores inventore aut repellendus. Voluptatibus enim velit et illo at accusantium reprehenderit. Rem reiciendis nihil ex. Et deleniti voluptas deleniti totam earum.', 1, '2021-07-15 14:03:33', '2021-07-15 14:03:33'),
	(213, 23, 'Sophie Zambrano Sales Sobrinho', 'Excepturi blanditiis fugiat cumque modi. Corrupti nihil voluptates iusto. Eos magnam rem sequi corrupti enim eos.', 4, '2021-07-15 14:03:33', '2021-07-15 14:03:33'),
	(214, 22, 'Sra. Naiara Vitória Ferminiano Neto', 'Voluptates qui sed aut minima quisquam. Excepturi et quisquam quia nisi minima. Aliquid tempora quo rerum nihil sunt eos.', 4, '2021-07-15 14:03:33', '2021-07-15 14:03:33'),
	(215, 25, 'Sr. Maicon Uchoa', 'Dolores aut esse repudiandae aut aperiam ex aut. Quia perferendis animi occaecati nemo est iste libero et. Rerum dignissimos similique libero iste facilis possimus assumenda. Officia suscipit deserunt ad consequatur expedita molestiae.', 4, '2021-07-15 14:03:33', '2021-07-15 14:03:33'),
	(216, 11, 'Valentin Urias Quintana', 'Ratione sint sint tenetur ut et. Ut veniam officiis quis vero aut. Voluptas ea quis architecto quas magnam veniam aliquid possimus. Excepturi ex ratione quia aliquam voluptas et.', 2, '2021-07-15 14:03:33', '2021-07-15 14:03:33'),
	(217, 42, 'Tessália Analu Maia Neto', 'Quae quia libero esse. Sint molestiae odio autem laudantium vel cupiditate optio. Deleniti assumenda vel doloribus rerum minima. Ab officia qui suscipit et officiis adipisci.', 1, '2021-07-15 14:03:33', '2021-07-15 14:03:33'),
	(218, 40, 'Fabiano Vega Matos Filho', 'Qui minima in debitis debitis animi odit sunt. Officia numquam reiciendis omnis est sint laborum maiores. Tempora et voluptatem labore quisquam quis ut voluptas. Rem voluptas eligendi ex quo sit.', 1, '2021-07-15 14:03:33', '2021-07-15 14:03:33'),
	(219, 43, 'Dr. Ronaldo Serrano', 'Et officiis ut molestias assumenda. Modi eveniet temporibus facilis. Esse dolorum voluptatem aut. Ipsum beatae consectetur nobis reiciendis.', 2, '2021-07-15 14:03:33', '2021-07-15 14:03:33'),
	(220, 44, 'Dr. Andres de Aguiar Fidalgo', 'Aut perferendis doloribus voluptates tempora. Aut nostrum aliquam earum ab. Voluptates quo dolorum minus ab veritatis modi ad iure.', 5, '2021-07-15 14:03:33', '2021-07-15 14:03:33'),
	(221, 50, 'Sr. Robson Rosa', 'Maiores et exercitationem magnam ullam. Adipisci non ratione ut reiciendis ut officiis. Consequatur recusandae nam beatae rerum aperiam. Nulla debitis magni nesciunt.', 3, '2021-07-15 14:03:33', '2021-07-15 14:03:33'),
	(222, 12, 'Srta. Daniele Lovato', 'Odio voluptatem fuga placeat maxime. Quos et ab qui error doloremque voluptatem. Aperiam voluptatem consequatur eos nostrum non voluptatum veritatis dolores.', 3, '2021-07-15 14:03:33', '2021-07-15 14:03:33'),
	(223, 31, 'Samuel Rico de Arruda', 'Aliquam et molestiae minus quas. Aut ut repellat esse autem. Soluta ullam laborum et aliquid accusamus ratione. Ut voluptatem blanditiis atque est ut.', 4, '2021-07-15 14:03:33', '2021-07-15 14:03:33'),
	(224, 40, 'Sra. Josefina Carolina Torres', 'Debitis ab nihil voluptates voluptate. Laudantium deserunt quisquam laboriosam dolores sed et ut. Ut quas perferendis modi nesciunt harum. Aut ea recusandae est fugiat et aut. Est quia optio fuga sequi tenetur repellat omnis.', 0, '2021-07-15 14:03:33', '2021-07-15 14:03:33'),
	(225, 37, 'David Aragão', 'Praesentium rerum est est recusandae culpa est tempore. Tempora quos occaecati repudiandae odio tempore. Beatae placeat maiores occaecati. Facilis et ducimus est quidem eligendi modi.', 4, '2021-07-15 14:03:33', '2021-07-15 14:03:33'),
	(226, 49, 'Sr. Pablo Adriano Lozano Filho', 'Nisi perspiciatis totam non illo earum. Modi a molestiae commodi hic officiis accusamus rerum consequuntur. In temporibus alias ut. Expedita quae voluptatem et repudiandae earum temporibus voluptas eligendi.', 3, '2021-07-15 14:03:33', '2021-07-15 14:03:33'),
	(227, 42, 'Sr. Willian Caldeira Rezende Jr.', 'Accusamus molestiae perferendis dolores nihil. Commodi accusamus aspernatur voluptate magni fugiat natus. Recusandae quos voluptatem quia ipsa. Pariatur sint ipsam est beatae.', 5, '2021-07-15 14:03:33', '2021-07-15 14:03:33'),
	(228, 42, 'Benjamin Juliano Romero Jr.', 'Et ea voluptatem ullam dolore aspernatur nam labore. Nisi porro ducimus ex soluta reiciendis fugiat rerum. Laborum ut dolore vel voluptatibus. Fugiat ea mollitia rerum incidunt maiores dolores voluptatem.', 5, '2021-07-15 14:03:33', '2021-07-15 14:03:33'),
	(229, 45, 'Laís Quintana Jr.', 'Sed fugit ut omnis ex aut et ad. Odio et sint et ut odit. Nesciunt magnam suscipit aut maxime minus. Quasi debitis voluptatem dicta corrupti voluptatem debitis.', 1, '2021-07-15 14:03:33', '2021-07-15 14:03:33'),
	(230, 8, 'Marta Corona Pedrosa', 'Sunt cupiditate sapiente illo repellendus. Cumque ea qui impedit. Cumque qui unde aut eius quas.', 0, '2021-07-15 14:03:33', '2021-07-15 14:03:33'),
	(231, 41, 'Sr. Maicon Lourenço Benites Filho', 'Cumque dignissimos rerum qui voluptatum unde dolorem. Eligendi et rem ullam animi. Dolor ad unde deserunt aut et qui.', 2, '2021-07-15 14:03:33', '2021-07-15 14:03:33'),
	(232, 41, 'Dayana Feliciano Garcia', 'Qui porro dicta sit maxime consequuntur harum ab perferendis. Recusandae animi quo maiores error. Doloremque odio eum qui esse. Rerum rerum et aut sunt assumenda quis pariatur quisquam.', 1, '2021-07-15 14:03:33', '2021-07-15 14:03:33'),
	(233, 10, 'Tessália Malu Mendonça', 'Doloremque aliquid est dolorum voluptatem et necessitatibus deleniti. Quisquam aut mollitia reprehenderit incidunt rerum perspiciatis eum eveniet. Dignissimos quia natus laboriosam cum. Eum corrupti neque officiis autem ad.', 3, '2021-07-15 14:03:33', '2021-07-15 14:03:33'),
	(234, 30, 'Sra. Esther Domingues Urias', 'Dolor et facilis aut sint consequatur magnam. In aut dignissimos facilis assumenda molestiae voluptatem. Quia delectus ipsum aperiam dolorem aut voluptatem nisi molestiae. Velit et ducimus eaque necessitatibus est id expedita est.', 3, '2021-07-15 14:03:33', '2021-07-15 14:03:33'),
	(235, 11, 'Karina Giovana Aranda Jr.', 'Vitae magni qui nobis nihil. Sint eum distinctio voluptas. Nam deleniti beatae rerum veritatis autem. Dolorem ab eum quam eos nemo non mollitia.', 5, '2021-07-15 14:03:33', '2021-07-15 14:03:33'),
	(236, 43, 'Dr. Isabel Valentin Leon', 'Ipsam eligendi placeat et est. Accusamus eum voluptatem voluptas ducimus inventore sed sint. Sit nisi rerum eum enim enim provident distinctio dolor. Asperiores consequuntur totam accusantium et.', 5, '2021-07-15 14:03:33', '2021-07-15 14:03:33'),
	(237, 39, 'Sr. Thales Marés Jr.', 'Facilis cupiditate suscipit aut delectus. Est deleniti consequuntur qui ullam animi libero. Qui nisi nisi veniam voluptatum. Consequatur et ipsa voluptatem enim et et voluptatem.', 5, '2021-07-15 14:03:33', '2021-07-15 14:03:33'),
	(238, 39, 'Aparecida Cervantes', 'Dolorem vel et vel cumque quo. Suscipit veniam id voluptas odio fuga aut. Accusantium est consectetur velit reiciendis facilis et. Possimus unde nemo rerum et voluptas.', 4, '2021-07-15 14:03:33', '2021-07-15 14:03:33'),
	(239, 50, 'Noel Fabrício Pacheco Jr.', 'Occaecati placeat eum voluptas nesciunt. Natus et commodi cum nostrum tenetur ut et. Commodi libero repellat autem dignissimos consequatur aliquam.', 2, '2021-07-15 14:03:33', '2021-07-15 14:03:33'),
	(240, 21, 'Sra. Emilly Emilly Gusmão', 'Et ipsum minima ipsa nihil dolor vitae dolor placeat. Explicabo maxime ad recusandae dolore. Nam deserunt nihil quod ea veniam labore qui. Enim illo ipsam vel quis reprehenderit qui. Delectus similique modi nesciunt voluptas blanditiis.', 3, '2021-07-15 14:03:33', '2021-07-15 14:03:33'),
	(241, 13, 'Carolina Alcantara Sobrinho', 'Laudantium aut delectus dolorem et molestiae odit hic. Facilis assumenda rerum voluptatem unde saepe dolore quia. Officia animi vel rerum culpa officiis porro. Id unde ut distinctio.', 3, '2021-07-15 14:03:33', '2021-07-15 14:03:33'),
	(242, 43, 'Sra. Liz Verdara de Arruda', 'Est esse dolore corporis molestiae exercitationem ut. Ex quod et assumenda in qui sed sint. Sunt mollitia a non. Molestiae aliquam voluptatem ad tempore sed.', 3, '2021-07-15 14:03:33', '2021-07-15 14:03:33'),
	(243, 49, 'Dr. Maya Vieira Aragão', 'Aut eveniet aut eos quasi nemo. Dicta temporibus voluptatum voluptas qui aut. Sint in voluptate et animi perspiciatis rem.', 5, '2021-07-15 14:03:33', '2021-07-15 14:03:33'),
	(244, 46, 'Srta. Louise Cruz Sobrinho', 'Itaque ab recusandae non est quidem. Corrupti pariatur quia provident iste. Non hic inventore repudiandae a dolorem magnam quos. Quia a maiores consequatur a fugiat explicabo. Placeat cumque sequi et voluptate eligendi cum sit autem.', 0, '2021-07-15 14:03:33', '2021-07-15 14:03:33'),
	(245, 19, 'Dr. Benjamin Evandro Serra', 'Non labore rerum molestiae est voluptates ipsa exercitationem. Accusantium nisi autem natus non inventore. Autem veritatis ea eos in.', 0, '2021-07-15 14:03:33', '2021-07-15 14:03:33'),
	(246, 49, 'Sra. Nayara Luiza Gonçalves Neto', 'Aut voluptatem nam expedita praesentium alias eum ea. Laboriosam est est expedita itaque ut nisi odio. Libero distinctio distinctio ea. Et sed inventore ut.', 2, '2021-07-15 14:03:33', '2021-07-15 14:03:33'),
	(247, 42, 'Dr. Andréa Aparecida da Rosa', 'Et cumque quia maiores consequatur voluptatem eaque non ut. Doloribus eos sunt provident similique eius quas distinctio. Laboriosam qui nesciunt ad porro aut ducimus. Pariatur nostrum et eius sit et et.', 1, '2021-07-15 14:03:33', '2021-07-15 14:03:33'),
	(248, 40, 'Sr. Emiliano Roberto Ferreira', 'Quos sit consequatur voluptatem voluptatem quibusdam in facere. Ipsam necessitatibus consequatur rerum similique iusto sunt in.', 5, '2021-07-15 14:03:33', '2021-07-15 14:03:33'),
	(249, 11, 'Noemi Elaine D\'ávila', 'Mollitia repellat minima molestias repudiandae aut nihil labore qui. Dolor incidunt accusamus quae voluptas dolore laboriosam. Impedit nobis fuga numquam molestias iusto unde.', 0, '2021-07-15 14:03:33', '2021-07-15 14:03:33'),
	(250, 9, 'Hernani Vieira Benez', 'Sed nam placeat enim eligendi maiores delectus. Dolorum dicta eaque velit doloribus ut iusto sunt quia.', 2, '2021-07-15 14:03:33', '2021-07-15 14:03:33'),
	(251, 1, 'Lavínia das Dores Roque Neto', 'Adipisci magnam aut perferendis qui. Illo provident dolorum voluptatem voluptas. Vitae et officia ut consequatur quibusdam omnis illum. Est quas earum nostrum inventore qui sapiente et.', 3, '2021-07-15 14:03:33', '2021-07-15 14:03:33'),
	(252, 33, 'Dr. Yohanna Cordeiro Vega', 'Tenetur adipisci id non est quam in est. Suscipit odio libero et quidem quam. Cumque ex corrupti eveniet qui libero. Rerum aut expedita et nihil sint laborum.', 5, '2021-07-15 14:03:33', '2021-07-15 14:03:33'),
	(253, 43, 'Sr. Raphael Alves', 'Eaque praesentium eos maiores aperiam quae. Quod provident est consequuntur quas. Neque culpa magnam dolor laudantium sapiente quas autem. Nihil dolores facilis dicta.', 0, '2021-07-15 14:03:33', '2021-07-15 14:03:33'),
	(254, 39, 'Mirella Elaine Velasques Filho', 'Dolorum consectetur asperiores rerum ab veritatis corporis accusamus et. Consectetur velit qui non delectus non fugiat. Et sed qui optio omnis. Et dignissimos commodi in et omnis.', 4, '2021-07-15 14:03:33', '2021-07-15 14:03:33'),
	(255, 44, 'Dr. Noemi Serna Reis Filho', 'Dicta quia nihil exercitationem consectetur non. Incidunt perferendis sint fugiat sint accusantium consectetur. Sunt tenetur tempora dolor eos earum commodi sapiente. Iure hic consequatur ut dolores facilis occaecati a voluptas.', 1, '2021-07-15 14:03:33', '2021-07-15 14:03:33'),
	(256, 27, 'Srta. Sandra Souza de Aguiar Filho', 'Pariatur sunt temporibus ex iure provident. Voluptatem sed sequi est sint quia soluta dolore. Repellendus ipsum ad qui nesciunt eaque beatae. Voluptas et est facere eos minima ut non.', 5, '2021-07-15 14:03:33', '2021-07-15 14:03:33'),
	(257, 11, 'Moisés Josué Roque Sobrinho', 'Consequatur molestiae sequi ut esse non quod vero. Et labore animi ab debitis recusandae nihil.', 5, '2021-07-15 14:03:33', '2021-07-15 14:03:33'),
	(258, 30, 'Srta. Luzia Bezerra Alves', 'Rem ad ullam dolores dicta. Ut repellendus rerum assumenda quis consequuntur non iusto. Voluptatum occaecati accusantium et.', 4, '2021-07-15 14:03:33', '2021-07-15 14:03:33'),
	(259, 40, 'Lívia Verônica Barros Filho', 'Pariatur beatae iure doloribus iure perspiciatis minus. Ipsam dolorem architecto dolorem architecto minus. Id tempora alias consequatur voluptatem voluptates.', 0, '2021-07-15 14:03:33', '2021-07-15 14:03:33'),
	(260, 8, 'Sr. Emanuel Andres Flores Neto', 'Totam quas sed inventore et delectus. Odio eum ipsum asperiores porro in. Unde minima est aut veritatis error voluptatibus expedita et.', 1, '2021-07-15 14:03:33', '2021-07-15 14:03:33'),
	(261, 27, 'Giovana Eloah Batista Filho', 'Ut veritatis aspernatur hic dicta. At sequi aut voluptatum autem porro sed rerum. Natus accusantium nobis veritatis ut. Et dicta voluptatem sint voluptatem sequi.', 0, '2021-07-15 14:03:33', '2021-07-15 14:03:33'),
	(262, 5, 'Bruna Sarah Carrara Jr.', 'Et impedit illo beatae. Dolores sed facilis repellat repellendus nihil et. Laudantium doloremque officia labore voluptatum corrupti ex et. Praesentium aperiam voluptas qui quos tempore.', 2, '2021-07-15 14:03:33', '2021-07-15 14:03:33'),
	(263, 9, 'Matias Marés Bittencourt', 'Temporibus numquam est atque quod optio quia repellat. Sit blanditiis quas doloribus maxime laboriosam amet. Est velit voluptates mollitia et. Nesciunt enim quo explicabo consequatur vel aliquid sint.', 2, '2021-07-15 14:03:33', '2021-07-15 14:03:33'),
	(264, 8, 'Maya Alcantara Roque Sobrinho', 'Aut aliquid sit omnis possimus eaque. Et aut asperiores doloremque necessitatibus necessitatibus fuga sit.', 0, '2021-07-15 14:03:33', '2021-07-15 14:03:33'),
	(265, 23, 'Ivan Thomas Souza Jr.', 'Molestias corporis minus distinctio magni quisquam doloremque. Voluptatem voluptatum qui assumenda. Quia voluptatem esse sed voluptatem neque. Eos deleniti et labore iure esse eos ad. Fugiat aut tempore laudantium.', 1, '2021-07-15 14:03:33', '2021-07-15 14:03:33'),
	(266, 16, 'Dr. Gabriel Prado Sobrinho', 'Eos quis enim fugit ducimus corporis sit nam praesentium. Qui dolores non enim expedita ipsam. Sequi ipsum qui vero officia magnam. Hic quia in et quia aut eaque accusantium consequatur.', 3, '2021-07-15 14:03:33', '2021-07-15 14:03:33'),
	(267, 16, 'Dr. Alexandre Dener Delvalle Filho', 'Et voluptatem quo tempora sunt ex provident quis. Consequatur voluptatum autem aut aperiam deserunt sequi enim dolore. Sapiente est placeat aut. Quasi aut quas eos est ad repellendus.', 2, '2021-07-15 14:03:33', '2021-07-15 14:03:33'),
	(268, 46, 'Sra. Micaela Alves Santos', 'Fugit vel aut dolor dolorem aut enim. Vitae quo mollitia quo dolorum. Numquam et non ut ab earum expedita.', 4, '2021-07-15 14:03:33', '2021-07-15 14:03:33'),
	(269, 27, 'Cristian Velasques', 'Voluptas libero quisquam nam rerum. Ipsa et quos fuga enim quia et minus. Mollitia qui distinctio sit aspernatur quidem amet id.', 2, '2021-07-15 14:03:33', '2021-07-15 14:03:33'),
	(270, 30, 'Sra. Melinda Amaral', 'Accusantium in voluptate similique eius laborum. Saepe voluptatem numquam distinctio magni. Error quaerat nobis dolorem excepturi voluptate nam. Voluptatem ducimus eaque quia ut illo voluptas aperiam.', 3, '2021-07-15 14:03:33', '2021-07-15 14:03:33'),
	(271, 37, 'Dr. Lucas Oliveira Filho', 'Architecto ut dolor sit qui illum. At minima corporis omnis quas ut quia sunt. Blanditiis enim amet voluptatem nihil quidem ipsam itaque.', 0, '2021-07-15 14:03:33', '2021-07-15 14:03:33'),
	(272, 30, 'Sra. Ayla Montenegro Cruz', 'Aut ducimus atque veniam neque vel. Possimus sed minima laudantium beatae optio. Porro deserunt sunt id totam quia accusantium.', 1, '2021-07-15 14:03:33', '2021-07-15 14:03:33'),
	(273, 14, 'Vitória Tessália Cervantes Filho', 'Et et corporis accusamus repellendus ratione. Et eius fugiat consequatur beatae eum eligendi et. Quos et qui qui dolor illum.', 2, '2021-07-15 14:03:33', '2021-07-15 14:03:33'),
	(274, 29, 'Gisela Vieira Vila', 'Sed mollitia nisi odit quibusdam. Quibusdam eos non aliquid sunt maxime. Rerum ut at facilis.', 3, '2021-07-15 14:03:33', '2021-07-15 14:03:33'),
	(275, 4, 'Dr. Pablo Esteves Filho', 'Officiis doloribus quisquam ad quia. Omnis esse vel dolor temporibus distinctio repellendus. Asperiores et aliquid quisquam earum quos.', 2, '2021-07-15 14:03:33', '2021-07-15 14:03:33'),
	(276, 28, 'Ivan Gomes Perez', 'Suscipit est aut neque laudantium quod. Rerum quis et beatae natus soluta est. Nobis consequatur quo pariatur nisi. Dolorem labore harum voluptates perferendis fugiat aut porro. Tempore cumque ut eos unde ut.', 5, '2021-07-15 14:03:33', '2021-07-15 14:03:33'),
	(277, 18, 'Liz Toledo', 'Nam ut voluptatem praesentium tempora doloremque eligendi facilis velit. Culpa voluptatibus deserunt quibusdam asperiores ut impedit error. Aliquid nostrum sed hic nemo quidem exercitationem commodi. Et sit dolorem dignissimos repellendus suscipit veniam ipsam.', 5, '2021-07-15 14:03:33', '2021-07-15 14:03:33'),
	(278, 32, 'Cláudio Burgos Sobrinho', 'Et voluptatibus facilis eos qui nemo. Dolorem ut sequi ut delectus aut. Temporibus qui animi ut neque eius vero. At esse sint dignissimos accusantium.', 1, '2021-07-15 14:03:33', '2021-07-15 14:03:33'),
	(279, 27, 'Maurício Leandro Reis', 'Consequuntur corporis voluptatibus quas voluptates. Est quidem vel nihil et officia non. Nobis nisi pariatur ea facere veniam delectus ducimus officiis. Quia dolor minima qui magnam.', 0, '2021-07-15 14:03:33', '2021-07-15 14:03:33'),
	(280, 47, 'Sebastião Benício Medina Filho', 'Tempora tenetur ab perspiciatis est et. Corrupti error eligendi fugiat et vel ut nobis quasi. Aliquid quas et excepturi praesentium perferendis commodi.', 4, '2021-07-15 14:03:33', '2021-07-15 14:03:33'),
	(281, 3, 'Sr. Daniel Lutero Grego', 'Et et asperiores excepturi omnis quam. Quis enim consequuntur amet omnis est quia.', 2, '2021-07-15 14:03:33', '2021-07-15 14:03:33'),
	(282, 26, 'Dr. Raysa Irene Santacruz', 'Omnis quasi officiis et dolorum nihil consequatur. Eos nisi totam quod ut et.', 3, '2021-07-15 14:03:33', '2021-07-15 14:03:33'),
	(283, 27, 'Dr. Santiago Prado Flores', 'Et qui modi error fugiat quia expedita alias ut. Velit exercitationem laborum doloribus reprehenderit tempore voluptate. Est hic repellendus ut est et quae.', 5, '2021-07-15 14:03:33', '2021-07-15 14:03:33'),
	(284, 14, 'Srta. Lidiane Barros Cruz', 'Quas quas qui accusamus dolor recusandae quos. Amet eaque dolorem qui eos labore quae est. Repellat ut recusandae est dicta. Quia dolor dicta aspernatur.', 1, '2021-07-15 14:03:33', '2021-07-15 14:03:33'),
	(285, 7, 'Sr. Maicon Delgado Oliveira', 'Ut quisquam et id sed dolorem. Velit veritatis illo et quis. Corporis iste sed harum sit.', 1, '2021-07-15 14:03:33', '2021-07-15 14:03:33'),
	(286, 2, 'Dr. Anderson Solano', 'Et officiis perferendis neque ipsa. Suscipit velit et sed. Consequatur autem iusto repudiandae eos rem similique.', 3, '2021-07-15 14:03:33', '2021-07-15 14:03:33'),
	(287, 43, 'Kelly Pietra Meireles', 'In dolorem debitis velit ut qui temporibus inventore. Asperiores velit quae sint sed. Quas qui et aperiam quaerat vel inventore quo voluptas. Ut quibusdam odit consequuntur eum.', 4, '2021-07-15 14:03:33', '2021-07-15 14:03:33'),
	(288, 19, 'Dr. Ziraldo Flores Rodrigues Sobrinho', 'Esse ea aut quidem quaerat voluptatem laboriosam dolor. Reprehenderit vero quia facilis nostrum. Quis labore consequuntur iste fugit eaque eum. Eius quas excepturi illo qui et.', 0, '2021-07-15 14:03:33', '2021-07-15 14:03:33'),
	(289, 27, 'Elisa Galvão Jr.', 'Possimus accusantium deserunt velit et cumque. Omnis quidem quos deserunt ipsa voluptate id. Eveniet neque sit veniam et repudiandae ipsam. Sed quidem consequatur voluptatem veniam est labore eveniet aut.', 0, '2021-07-15 14:03:33', '2021-07-15 14:03:33'),
	(290, 31, 'Dr. Michelle Rocha Sobrinho', 'Ducimus sit aut quas asperiores sint et qui est. Cupiditate eos magni quas. Et est et enim quia assumenda voluptates. In dicta quia dolor quae animi voluptas.', 3, '2021-07-15 14:03:33', '2021-07-15 14:03:33'),
	(291, 17, 'Dr. Ziraldo Galindo Vega', 'Adipisci ut aut ut provident rerum aliquam. Omnis expedita est voluptas et molestiae cupiditate esse. Vitae debitis soluta qui tenetur corrupti. Dolores quia corrupti recusandae.', 4, '2021-07-15 14:03:33', '2021-07-15 14:03:33'),
	(292, 19, 'Sra. Emily Franco', 'Nemo aspernatur non adipisci laborum voluptas sed quasi. Nam omnis quidem dolorem occaecati eveniet rem. Qui mollitia ducimus fugit sunt unde sunt aut.', 2, '2021-07-15 14:03:33', '2021-07-15 14:03:33'),
	(293, 32, 'Samanta Norma Padrão', 'Asperiores minima doloribus id explicabo neque cum nisi. Alias quos quis veniam suscipit est et aspernatur similique. In quia enim dolore exercitationem at qui.', 5, '2021-07-15 14:03:33', '2021-07-15 14:03:33'),
	(294, 44, 'Malu Cortês Delgado Jr.', 'Eum et rerum saepe consequuntur maxime eos dolorem modi. Nihil recusandae et eum iste non facilis. Eum sint inventore aut deleniti sint molestias vero. Et assumenda quia nam earum cupiditate assumenda. Explicabo consequuntur suscipit est in officiis doloremque.', 5, '2021-07-15 14:03:33', '2021-07-15 14:03:33'),
	(295, 4, 'Reinaldo Rodrigo Sepúlveda', 'Ullam consequuntur sint vitae. Dolorum odio velit ea debitis ut. Sit ullam voluptate totam consequatur expedita qui aut. Culpa sint inventore rem sequi quae ducimus.', 2, '2021-07-15 14:03:33', '2021-07-15 14:03:33'),
	(296, 14, 'Dr. Natália Furtado Delvalle Sobrinho', 'Officia libero natus similique vitae repellat reprehenderit dolores. Non et repudiandae libero deserunt. Nemo numquam quam inventore ab. Commodi sed repudiandae autem iste facilis esse.', 5, '2021-07-15 14:03:33', '2021-07-15 14:03:33'),
	(297, 9, 'Dr. Mateus Alexandre Zamana', 'Sequi quae molestiae expedita ut sint aut. Possimus repellat porro ipsam. Rerum aperiam vitae ratione recusandae reiciendis reprehenderit. Itaque totam ullam quod dolorum accusamus nam. Fugiat nobis nesciunt molestias ducimus est perferendis dolores.', 3, '2021-07-15 14:03:33', '2021-07-15 14:03:33'),
	(298, 43, 'Ivana Joyce Leon', 'Incidunt aut et cupiditate debitis quia ducimus nihil. Sunt assumenda eligendi ratione illum amet. Laboriosam blanditiis labore odio quaerat incidunt et nulla. Veniam impedit qui culpa recusandae ut et impedit.', 5, '2021-07-15 14:03:33', '2021-07-15 14:03:33'),
	(299, 47, 'Sr. Juliano Renato da Silva Jr.', 'Earum sed aut et consectetur. Et praesentium asperiores voluptates iusto aut est cupiditate laborum. Molestiae nulla cum vel unde consequatur.', 1, '2021-07-15 14:03:33', '2021-07-15 14:03:33'),
	(300, 1, 'Srta. Michele Regina Pontes', 'Nihil iusto ut excepturi harum dicta maxime non. Iste sed qui et ea. Itaque corporis numquam repellat porro dignissimos. Eaque saepe laudantium velit quis odit.', 0, '2021-07-15 14:03:33', '2021-07-15 14:03:33');
/*!40000 ALTER TABLE `reviews` ENABLE KEYS */;

-- Copiando estrutura para tabela eapi.users
CREATE TABLE IF NOT EXISTS `users` (
  `id` bigint(20) unsigned NOT NULL AUTO_INCREMENT,
  `name` varchar(255) COLLATE utf8mb4_unicode_ci NOT NULL,
  `email` varchar(255) COLLATE utf8mb4_unicode_ci NOT NULL,
  `email_verified_at` timestamp NULL DEFAULT NULL,
  `password` varchar(255) COLLATE utf8mb4_unicode_ci NOT NULL,
  `remember_token` varchar(100) COLLATE utf8mb4_unicode_ci DEFAULT NULL,
  `created_at` timestamp NULL DEFAULT NULL,
  `updated_at` timestamp NULL DEFAULT NULL,
  PRIMARY KEY (`id`),
  UNIQUE KEY `users_email_unique` (`email`)
) ENGINE=InnoDB DEFAULT CHARSET=utf8mb4 COLLATE=utf8mb4_unicode_ci;

-- Copiando dados para a tabela eapi.users: ~0 rows (aproximadamente)
/*!40000 ALTER TABLE `users` DISABLE KEYS */;
/*!40000 ALTER TABLE `users` ENABLE KEYS */;

/*!40101 SET SQL_MODE=IFNULL(@OLD_SQL_MODE, '') */;
/*!40014 SET FOREIGN_KEY_CHECKS=IFNULL(@OLD_FOREIGN_KEY_CHECKS, 1) */;
/*!40101 SET CHARACTER_SET_CLIENT=@OLD_CHARACTER_SET_CLIENT */;
/*!40111 SET SQL_NOTES=IFNULL(@OLD_SQL_NOTES, 1) */;
