-- --------------------------------------------------------
-- Servidor:                     127.0.0.1
-- Versão do servidor:           10.4.19-MariaDB - mariadb.org binary distribution
-- OS do Servidor:               Win64
-- HeidiSQL Versão:              11.3.0.6295
-- --------------------------------------------------------

/*!40101 SET @OLD_CHARACTER_SET_CLIENT=@@CHARACTER_SET_CLIENT */;
/*!40101 SET NAMES utf8 */;
/*!50503 SET NAMES utf8mb4 */;
/*!40014 SET @OLD_FOREIGN_KEY_CHECKS=@@FOREIGN_KEY_CHECKS, FOREIGN_KEY_CHECKS=0 */;
/*!40101 SET @OLD_SQL_MODE=@@SQL_MODE, SQL_MODE='NO_AUTO_VALUE_ON_ZERO' */;
/*!40111 SET @OLD_SQL_NOTES=@@SQL_NOTES, SQL_NOTES=0 */;

-- Copiando estrutura para tabela eapi.failed_jobs
CREATE TABLE IF NOT EXISTS `failed_jobs` (
  `id` bigint(20) unsigned NOT NULL AUTO_INCREMENT,
  `uuid` varchar(255) COLLATE utf8mb4_unicode_ci NOT NULL,
  `connection` text COLLATE utf8mb4_unicode_ci NOT NULL,
  `queue` text COLLATE utf8mb4_unicode_ci NOT NULL,
  `payload` longtext COLLATE utf8mb4_unicode_ci NOT NULL,
  `exception` longtext COLLATE utf8mb4_unicode_ci NOT NULL,
  `failed_at` timestamp NOT NULL DEFAULT current_timestamp(),
  PRIMARY KEY (`id`),
  UNIQUE KEY `failed_jobs_uuid_unique` (`uuid`)
) ENGINE=InnoDB DEFAULT CHARSET=utf8mb4 COLLATE=utf8mb4_unicode_ci;

-- Copiando dados para a tabela eapi.failed_jobs: ~0 rows (aproximadamente)
/*!40000 ALTER TABLE `failed_jobs` DISABLE KEYS */;
/*!40000 ALTER TABLE `failed_jobs` ENABLE KEYS */;

-- Copiando estrutura para tabela eapi.migrations
CREATE TABLE IF NOT EXISTS `migrations` (
  `id` int(10) unsigned NOT NULL AUTO_INCREMENT,
  `migration` varchar(255) COLLATE utf8mb4_unicode_ci NOT NULL,
  `batch` int(11) NOT NULL,
  PRIMARY KEY (`id`)
) ENGINE=InnoDB AUTO_INCREMENT=24 DEFAULT CHARSET=utf8mb4 COLLATE=utf8mb4_unicode_ci;

-- Copiando dados para a tabela eapi.migrations: ~5 rows (aproximadamente)
/*!40000 ALTER TABLE `migrations` DISABLE KEYS */;
INSERT INTO `migrations` (`id`, `migration`, `batch`) VALUES
	(19, '2014_10_12_000000_create_users_table', 1),
	(20, '2014_10_12_100000_create_password_resets_table', 1),
	(21, '2019_08_19_000000_create_failed_jobs_table', 1),
	(22, '2021_07_14_131608_create_products_table', 1),
	(23, '2021_07_14_131632_create_reviews_table', 1);
/*!40000 ALTER TABLE `migrations` ENABLE KEYS */;

-- Copiando estrutura para tabela eapi.password_resets
CREATE TABLE IF NOT EXISTS `password_resets` (
  `email` varchar(255) COLLATE utf8mb4_unicode_ci NOT NULL,
  `token` varchar(255) COLLATE utf8mb4_unicode_ci NOT NULL,
  `created_at` timestamp NULL DEFAULT NULL,
  KEY `password_resets_email_index` (`email`)
) ENGINE=InnoDB DEFAULT CHARSET=utf8mb4 COLLATE=utf8mb4_unicode_ci;

-- Copiando dados para a tabela eapi.password_resets: ~0 rows (aproximadamente)
/*!40000 ALTER TABLE `password_resets` DISABLE KEYS */;
/*!40000 ALTER TABLE `password_resets` ENABLE KEYS */;

-- Copiando estrutura para tabela eapi.products
CREATE TABLE IF NOT EXISTS `products` (
  `id` bigint(20) unsigned NOT NULL AUTO_INCREMENT,
  `name` varchar(255) COLLATE utf8mb4_unicode_ci NOT NULL,
  `detail` text COLLATE utf8mb4_unicode_ci NOT NULL,
  `price` int(11) NOT NULL,
  `stock` int(11) NOT NULL,
  `discount` int(11) NOT NULL,
  `created_at` timestamp NULL DEFAULT NULL,
  `updated_at` timestamp NULL DEFAULT NULL,
  PRIMARY KEY (`id`)
) ENGINE=InnoDB AUTO_INCREMENT=51 DEFAULT CHARSET=utf8mb4 COLLATE=utf8mb4_unicode_ci;

-- Copiando dados para a tabela eapi.products: ~0 rows (aproximadamente)
/*!40000 ALTER TABLE `products` DISABLE KEYS */;
INSERT INTO `products` (`id`, `name`, `detail`, `price`, `stock`, `discount`, `created_at`, `updated_at`) VALUES
	(1, 'aliquid', 'Quis et minus id iste. Consequatur et odit libero vero ut. Vitae voluptatum fugiat eveniet quaerat.', 819, 6, 7, '2021-07-15 12:12:49', '2021-07-15 12:12:49'),
	(2, 'sit', 'Sunt culpa explicabo dolores cum enim nihil non. Blanditiis ut sit dolorem qui omnis dignissimos optio. Ut corporis dolor quidem. Dolorum sint ut ipsum itaque mollitia. Pariatur quia pariatur adipisci enim optio sint.', 541, 0, 29, '2021-07-15 12:12:49', '2021-07-15 12:12:49'),
	(3, 'voluptatem', 'Est harum error necessitatibus. Sunt vel labore quia dolores. Dignissimos totam explicabo quam necessitatibus. Et dolores et aut eligendi.', 424, 6, 13, '2021-07-15 12:12:49', '2021-07-15 12:12:49'),
	(4, 'eum', 'Adipisci corporis quos harum. Nihil amet voluptatibus quia non cumque eos nemo. Molestias vitae maxime nihil suscipit hic ad est. Quia quod atque molestiae ea soluta natus.', 211, 4, 19, '2021-07-15 12:12:49', '2021-07-15 12:12:49'),
	(5, 'dolores', 'Aut ut tempore ut repudiandae. Vero mollitia voluptatem laboriosam nemo quo. Distinctio dolorem omnis impedit temporibus omnis. Eligendi voluptatum quo ut accusamus ut.', 609, 4, 16, '2021-07-15 12:12:49', '2021-07-15 12:12:49'),
	(6, 'vero', 'Recusandae animi voluptatibus consequatur. Veritatis nesciunt consequatur consequatur ab. Deserunt rem odit aperiam et itaque cum.', 240, 5, 2, '2021-07-15 12:12:49', '2021-07-15 12:12:49'),
	(7, 'possimus', 'Hic animi harum rerum iure ullam eos. Repudiandae ducimus in architecto et quidem voluptatem corporis qui. Nam maiores officiis porro.', 187, 6, 13, '2021-07-15 12:12:49', '2021-07-15 12:12:49'),
	(8, 'in', 'Tempore repellat debitis minima quis nulla et sit. Odit facere natus numquam nesciunt dolor est enim. Odit veritatis quidem eaque ut.', 298, 2, 25, '2021-07-15 12:12:49', '2021-07-15 12:12:49'),
	(9, 'minus', 'Repellendus provident ab mollitia eum labore aut vel. Accusamus vitae dolor voluptas delectus ut explicabo. Enim et earum dolor distinctio. Nulla consectetur quos voluptatem vel ea quasi.', 277, 0, 27, '2021-07-15 12:12:49', '2021-07-15 12:12:49'),
	(10, 'quis', 'Rerum voluptate harum voluptatum inventore placeat iusto ratione. Esse illum eligendi qui explicabo sint. Unde iusto officia aut consequatur laborum dolorum.', 936, 2, 15, '2021-07-15 12:12:49', '2021-07-15 12:12:49'),
	(11, 'natus', 'Eius quos rerum et aliquid autem fugiat voluptate quos. Velit sunt sit quos et qui repellendus. Cum modi eos dolores.', 362, 3, 19, '2021-07-15 12:12:49', '2021-07-15 12:12:49'),
	(12, 'maxime', 'Iste voluptates aut sint totam fuga ipsa. Ex ab sunt commodi velit. Dicta repudiandae molestiae quisquam ullam quod. Sit magnam blanditiis deserunt officia maxime.', 577, 9, 12, '2021-07-15 12:12:49', '2021-07-15 12:12:49'),
	(13, 'impedit', 'Aperiam doloremque nihil est est. Vero fuga sint qui esse voluptatem et ipsa nulla. Et hic praesentium deleniti assumenda praesentium enim quis.', 753, 7, 4, '2021-07-15 12:12:49', '2021-07-15 12:12:49'),
	(14, 'vel', 'Et tempora consequatur tempora rerum aut vitae. Distinctio ullam et asperiores. Nihil laborum nobis quas voluptatem aut.', 826, 7, 30, '2021-07-15 12:12:49', '2021-07-15 12:12:49'),
	(15, 'hic', 'Perspiciatis qui et ea quia explicabo aliquam nulla. Vero hic voluptatem ut qui provident maiores qui et. Et optio quos vitae autem reiciendis sit. Quam maxime sit in omnis aut porro animi.', 228, 3, 3, '2021-07-15 12:12:49', '2021-07-15 12:12:49'),
	(16, 'odit', 'Quia non cupiditate minima dicta. Veniam culpa dolor ipsa eaque voluptas quo corrupti. Vel provident doloribus et itaque perspiciatis assumenda est.', 564, 6, 2, '2021-07-15 12:12:49', '2021-07-15 12:12:49'),
	(17, 'velit', 'Itaque aut sit adipisci harum sed labore nulla. Sit unde ut voluptas aut.', 966, 0, 20, '2021-07-15 12:12:49', '2021-07-15 12:12:49'),
	(18, 'iusto', 'Incidunt molestiae aut porro rem. Optio quia sint qui fugiat ipsum perspiciatis quis vitae. Omnis id rerum itaque placeat accusantium occaecati. Sunt eum ut itaque cupiditate.', 674, 8, 21, '2021-07-15 12:12:49', '2021-07-15 12:12:49'),
	(19, 'nam', 'Nemo aspernatur eum hic asperiores ullam. Delectus doloremque dolores eius vero saepe sed. Totam esse est voluptatum quis vel. Saepe voluptatem voluptatem laudantium quia placeat modi voluptatem.', 518, 6, 18, '2021-07-15 12:12:49', '2021-07-15 12:12:49'),
	(20, 'corrupti', 'Eaque qui et qui ex nesciunt. Aut cumque nostrum ea quam expedita. Sit dolor tempore possimus nemo sed doloribus impedit. Voluptas qui doloremque facilis nostrum qui inventore dolorem sit.', 279, 6, 5, '2021-07-15 12:12:49', '2021-07-15 12:12:49'),
	(21, 'atque', 'Ratione beatae dicta molestias repudiandae itaque. Sit sit dolor itaque animi beatae nulla omnis.', 984, 4, 7, '2021-07-15 12:12:49', '2021-07-15 12:12:49'),
	(22, 'et', 'Eum dolore delectus mollitia iste. Rerum quasi explicabo reprehenderit vel.', 516, 1, 6, '2021-07-15 12:12:49', '2021-07-15 12:12:49'),
	(23, 'cum', 'Consequuntur inventore tempore unde. Iste ut voluptatum repellat consectetur. Ut laudantium voluptatem sit et animi et eum facere.', 922, 0, 15, '2021-07-15 12:12:49', '2021-07-15 12:12:49'),
	(24, 'illo', 'Rerum non iure omnis facere repudiandae ratione nobis. Ullam sed voluptatem hic voluptates. Illo molestias molestiae consequatur veniam minus. Animi tempore voluptas provident voluptatem et asperiores.', 734, 4, 29, '2021-07-15 12:12:49', '2021-07-15 12:12:49'),
	(25, 'rerum', 'Soluta aut eius tempora aut aspernatur optio vel ut. Libero omnis possimus quaerat odio numquam sequi perspiciatis. Quia eum sint rem dolor est.', 187, 8, 11, '2021-07-15 12:12:49', '2021-07-15 12:12:49'),
	(26, 'quos', 'Magnam earum numquam cum incidunt vitae in. Enim reprehenderit sit adipisci qui odio magnam rerum. Sit velit in quibusdam tempora sed dolor.', 464, 2, 26, '2021-07-15 12:12:49', '2021-07-15 12:12:49'),
	(27, 'harum', 'Ut voluptates repellendus atque numquam. Ea eum vero voluptatibus sequi voluptates aut. Praesentium et voluptatem praesentium vero similique.', 318, 2, 20, '2021-07-15 12:12:49', '2021-07-15 12:12:49'),
	(28, 'ut', 'Sed quaerat possimus molestiae quam et omnis aut. Perferendis tempora nobis assumenda dolorem natus minima.', 249, 7, 28, '2021-07-15 12:12:49', '2021-07-15 12:12:49'),
	(29, 'ut', 'Et doloremque earum incidunt et ea. Ipsa voluptatem at sed assumenda accusamus fugit.', 381, 5, 24, '2021-07-15 12:12:49', '2021-07-15 12:12:49'),
	(30, 'nemo', 'Deserunt accusantium qui cum dolore magnam. Molestiae sunt perferendis qui est. Sint dignissimos possimus quia vitae a adipisci est. Est aut explicabo necessitatibus a sit et.', 654, 1, 10, '2021-07-15 12:12:49', '2021-07-15 12:12:49'),
	(31, 'asperiores', 'Esse quo aperiam qui eos. Commodi molestiae maiores qui consectetur porro nam. Reprehenderit voluptate est eos dolorum dolores saepe.', 413, 7, 28, '2021-07-15 12:12:49', '2021-07-15 12:12:49'),
	(32, 'harum', 'Qui exercitationem explicabo enim qui quia eveniet. Assumenda delectus earum repellendus eligendi repudiandae quia. Qui assumenda dignissimos quibusdam voluptas unde id.', 805, 3, 8, '2021-07-15 12:12:49', '2021-07-15 12:12:49'),
	(33, 'id', 'Autem repellendus dolores voluptatum minima consectetur itaque veniam. Repellat delectus autem odio. Ut ea blanditiis delectus qui. Rerum fugiat dicta nesciunt alias molestias et voluptatem hic.', 192, 1, 13, '2021-07-15 12:12:49', '2021-07-15 12:12:49'),
	(34, 'nam', 'Deleniti repellendus harum non sequi dolorum accusamus. Est eius est ullam et maxime error. Voluptas recusandae cumque tempore id deleniti non aut. Et earum dolores dicta tenetur.', 609, 3, 7, '2021-07-15 12:12:49', '2021-07-15 12:12:49'),
	(35, 'et', 'Enim amet molestiae voluptates omnis aspernatur odit. Veritatis facere dolorem aut aspernatur harum. Nesciunt libero quia corporis odio architecto. Sed voluptas ullam quis omnis quod et.', 256, 8, 18, '2021-07-15 12:12:49', '2021-07-15 12:12:49'),
	(36, 'inventore', 'Quas consequatur nulla ut adipisci modi quo laboriosam molestiae. Rem sed totam recusandae molestiae dolorem. Eaque sed possimus non tempore consequatur.', 618, 9, 29, '2021-07-15 12:12:49', '2021-07-15 12:12:49'),
	(37, 'quis', 'Repellat inventore sapiente quia. Quia et facere et velit optio eum quis. Doloremque eum maxime quae officia eius. Sequi eveniet earum voluptatibus totam sint reprehenderit animi itaque.', 401, 2, 15, '2021-07-15 12:12:49', '2021-07-15 12:12:49'),
	(38, 'laudantium', 'Enim nostrum nisi occaecati. Et quae ullam animi sed. Nemo mollitia quia quia quia. Dolor nobis eos est quia facere facere laboriosam. Tempore reiciendis aut iste consequuntur sit ea placeat.', 472, 9, 15, '2021-07-15 12:12:49', '2021-07-15 12:12:49'),
	(39, 'mollitia', 'Fuga natus explicabo non molestias. Sed sint quo dolores rerum.', 103, 9, 2, '2021-07-15 12:12:49', '2021-07-15 12:12:49'),
	(40, 'pariatur', 'Est dolor sunt magnam. Iste quisquam quisquam voluptates velit fugiat.', 169, 3, 5, '2021-07-15 12:12:49', '2021-07-15 12:12:49'),
	(41, 'iste', 'Placeat et et vero sint facere incidunt ut. Ea sequi non aliquid qui. Cupiditate error amet sint et dolor.', 972, 7, 14, '2021-07-15 12:12:49', '2021-07-15 12:12:49'),
	(42, 'ut', 'Aliquid inventore natus velit eos. Architecto voluptas deleniti non cumque occaecati consectetur est. Quos minima veritatis corrupti incidunt esse.', 907, 6, 22, '2021-07-15 12:12:49', '2021-07-15 12:12:49'),
	(43, 'quam', 'Quis repudiandae debitis porro. Ut aliquam dolor aut voluptate quia quis quis dolore. Quisquam nam ut ut. Enim nihil doloremque quia magni consequatur.', 920, 4, 8, '2021-07-15 12:12:49', '2021-07-15 12:12:49'),
	(44, 'rerum', 'Laboriosam laborum tenetur harum natus ut. Molestiae non et laborum velit quia distinctio omnis. Quidem sed ea est et iure. Corporis impedit neque accusantium.', 579, 4, 6, '2021-07-15 12:12:49', '2021-07-15 12:12:49'),
	(45, 'dolor', 'Ab assumenda quia pariatur recusandae. Ea iusto temporibus inventore nostrum minus.', 856, 7, 29, '2021-07-15 12:12:49', '2021-07-15 12:12:49'),
	(46, 'odit', 'Eum sit est animi. Veniam saepe eos earum voluptas. Quo quas doloribus non adipisci. Voluptatem qui aliquid iure aliquid.', 353, 8, 2, '2021-07-15 12:12:49', '2021-07-15 12:12:49'),
	(47, 'est', 'Nobis blanditiis tempora ut debitis itaque autem. Quod dignissimos fuga et quo rem. Consequatur exercitationem tenetur explicabo quia.', 227, 0, 12, '2021-07-15 12:12:49', '2021-07-15 12:12:49'),
	(48, 'explicabo', 'Laudantium delectus excepturi temporibus. Voluptate aut earum vero quos. Fugiat nostrum non explicabo eveniet molestias ea.', 779, 5, 20, '2021-07-15 12:12:49', '2021-07-15 12:12:49'),
	(49, 'sint', 'Eos reiciendis debitis recusandae laboriosam vero tempora. Est voluptas pariatur dolorem ut. Dolores non impedit porro dignissimos expedita harum. Velit quisquam sunt magnam qui aut.', 248, 3, 15, '2021-07-15 12:12:49', '2021-07-15 12:12:49'),
	(50, 'perspiciatis', 'Ullam et adipisci quia cumque recusandae sint excepturi. Numquam quod in a temporibus fuga facilis. Aspernatur debitis similique dolorum velit nemo ea. Beatae ea expedita dolore omnis odio.', 386, 7, 9, '2021-07-15 12:12:49', '2021-07-15 12:12:49');
/*!40000 ALTER TABLE `products` ENABLE KEYS */;

-- Copiando estrutura para tabela eapi.reviews
CREATE TABLE IF NOT EXISTS `reviews` (
  `id` bigint(20) unsigned NOT NULL AUTO_INCREMENT,
  `product_id` bigint(20) unsigned NOT NULL,
  `customer` varchar(255) COLLATE utf8mb4_unicode_ci NOT NULL,
  `review` text COLLATE utf8mb4_unicode_ci NOT NULL,
  `star` bigint(20) unsigned NOT NULL,
  `created_at` timestamp NULL DEFAULT NULL,
  `updated_at` timestamp NULL DEFAULT NULL,
  PRIMARY KEY (`id`),
  KEY `reviews_product_id_index` (`product_id`),
  CONSTRAINT `reviews_product_id_foreign` FOREIGN KEY (`product_id`) REFERENCES `products` (`id`) ON DELETE CASCADE
) ENGINE=InnoDB AUTO_INCREMENT=301 DEFAULT CHARSET=utf8mb4 COLLATE=utf8mb4_unicode_ci;

-- Copiando dados para a tabela eapi.reviews: ~0 rows (aproximadamente)
/*!40000 ALTER TABLE `reviews` DISABLE KEYS */;
INSERT INTO `reviews` (`id`, `product_id`, `customer`, `review`, `star`, `created_at`, `updated_at`) VALUES
	(1, 7, 'Dovie Kulas MD', 'Id magnam velit laboriosam quis ut laudantium voluptate. Quidem nihil at ut dolore dignissimos cupiditate. Dolor asperiores error aliquid voluptatem est unde.', 4, '2021-07-15 12:12:50', '2021-07-15 12:12:50'),
	(2, 45, 'Wilhelm Russel', 'Quia et quis nobis similique quidem. Eum et eaque veritatis aut temporibus enim hic eaque. Totam sed quasi consectetur.', 3, '2021-07-15 12:12:50', '2021-07-15 12:12:50'),
	(3, 48, 'Ms. Laurianne Durgan V', 'Quasi et eum autem sit laborum. Ut ad ullam aspernatur aut numquam. Voluptas explicabo repellat consequatur suscipit. Assumenda et incidunt voluptate voluptate illo qui magni. Ut temporibus quos rerum impedit alias quam.', 3, '2021-07-15 12:12:50', '2021-07-15 12:12:50'),
	(4, 44, 'Faustino Ortiz', 'Qui excepturi quos veniam inventore amet. Amet consequuntur praesentium voluptas voluptatem ut ut. Corrupti maiores eum consequatur sed et dignissimos voluptatem.', 2, '2021-07-15 12:12:50', '2021-07-15 12:12:50'),
	(5, 37, 'Jared Lebsack', 'Eligendi est cumque error quis. Earum sed voluptatem quia aut. Voluptatibus non quod molestiae laborum nulla repellendus perferendis molestias.', 4, '2021-07-15 12:12:50', '2021-07-15 12:12:50'),
	(6, 45, 'Prof. Christelle Hirthe', 'Voluptatem perferendis est blanditiis doloremque accusantium velit repellendus. Sunt corrupti totam excepturi labore. Et ea qui amet voluptatibus quo.', 2, '2021-07-15 12:12:50', '2021-07-15 12:12:50'),
	(7, 37, 'Mr. Johann Murphy Sr.', 'Sed fuga doloremque saepe est quis. Saepe saepe non magnam alias. Iure saepe repellat repellendus consequatur sed natus sed.', 0, '2021-07-15 12:12:50', '2021-07-15 12:12:50'),
	(8, 3, 'Tiara Aufderhar', 'Sed inventore minus aut eius sed non. Sunt eos itaque atque consequuntur. Voluptatem animi delectus aut. Ea itaque expedita et veritatis soluta sit eligendi.', 2, '2021-07-15 12:12:50', '2021-07-15 12:12:50'),
	(9, 15, 'Prof. Katarina Hudson PhD', 'Voluptas maiores aliquam et nesciunt omnis. Sit eligendi rerum fugit est aliquid accusantium non. Perferendis expedita sit deserunt commodi vero.', 3, '2021-07-15 12:12:50', '2021-07-15 12:12:50'),
	(10, 28, 'Westley Hackett', 'Ut similique alias architecto maxime tempore. Eaque debitis repellendus cum ut hic assumenda. Autem dicta ut praesentium.', 5, '2021-07-15 12:12:50', '2021-07-15 12:12:50'),
	(11, 47, 'Jerry DuBuque', 'Esse omnis qui odit neque aut dolores. Tempora sit ducimus rerum ut. Harum quia quidem eos inventore id earum. Quis et quis in sequi rerum consequatur est laboriosam. Beatae ut officia enim.', 0, '2021-07-15 12:12:50', '2021-07-15 12:12:50'),
	(12, 41, 'Tyrique Blick', 'Repudiandae hic esse adipisci. Dignissimos non nihil culpa voluptatum. Et est voluptas ut nihil natus nemo deleniti cupiditate. Perspiciatis culpa sit labore dicta.', 5, '2021-07-15 12:12:50', '2021-07-15 12:12:50'),
	(13, 46, 'Dr. Korey Smith', 'Adipisci placeat alias recusandae ipsum. Amet pariatur est ipsum ut expedita explicabo. Ut ab consequuntur omnis omnis iste.', 4, '2021-07-15 12:12:50', '2021-07-15 12:12:50'),
	(14, 39, 'Bette Gottlieb', 'A enim nihil ipsum ea saepe. Molestiae unde aut non officiis culpa omnis.', 1, '2021-07-15 12:12:50', '2021-07-15 12:12:50'),
	(15, 34, 'Regan Beahan', 'Et dolores sit quibusdam. Explicabo ut maxime dolor. Porro debitis facere voluptatem officia ut vel vitae. Alias quo labore eum maxime. Ut consequuntur aut repudiandae voluptas maiores non error.', 4, '2021-07-15 12:12:50', '2021-07-15 12:12:50'),
	(16, 23, 'Lucinda Kris', 'Et et voluptas consequatur occaecati. Laudantium explicabo similique voluptate. Delectus maxime rerum voluptatem quo et non.', 4, '2021-07-15 12:12:50', '2021-07-15 12:12:50'),
	(17, 10, 'Miss Addison Simonis', 'Tempore reprehenderit maxime labore. Repudiandae explicabo officiis voluptas quam provident ratione asperiores. Quod debitis ut voluptatem.', 0, '2021-07-15 12:12:50', '2021-07-15 12:12:50'),
	(18, 48, 'Mathilde Kassulke', 'Qui excepturi labore consequuntur. Quia harum voluptas omnis. Sit alias necessitatibus rerum expedita porro. Eaque libero ipsa ex fugit voluptatibus delectus itaque est. Minima totam dignissimos architecto excepturi.', 4, '2021-07-15 12:12:50', '2021-07-15 12:12:50'),
	(19, 39, 'Virginia Gutkowski', 'Repellendus sit consequatur ipsum beatae atque accusamus. Rerum sunt rerum similique possimus quasi consequatur. Tempora pariatur dolorem nulla ipsum. Natus iure quasi reprehenderit necessitatibus reiciendis doloremque.', 3, '2021-07-15 12:12:50', '2021-07-15 12:12:50'),
	(20, 46, 'Gail Zemlak', 'Excepturi quo dolor rem consectetur a tempore ut. Magni nemo ad nobis.', 3, '2021-07-15 12:12:50', '2021-07-15 12:12:50'),
	(21, 35, 'Miss Alyce Hegmann', 'Autem enim eum quia officia. Libero non ut sit accusantium. Hic consequatur qui voluptatem architecto pariatur ut praesentium qui. Delectus neque nostrum aliquid quis dolores sed repudiandae.', 2, '2021-07-15 12:12:50', '2021-07-15 12:12:50'),
	(22, 35, 'Prof. Unique Tillman', 'Sed non doloremque nostrum qui recusandae ea. Inventore consectetur soluta alias sit alias et nesciunt.', 4, '2021-07-15 12:12:50', '2021-07-15 12:12:50'),
	(23, 26, 'Fernando Cruickshank', 'Ut qui sint quia omnis aut. Enim quam labore sed voluptate. Exercitationem id voluptas reprehenderit temporibus reprehenderit dicta ea. Doloribus itaque consequatur culpa sit dolorum.', 0, '2021-07-15 12:12:50', '2021-07-15 12:12:50'),
	(24, 45, 'Osbaldo Doyle', 'Deleniti similique recusandae et ut ut. Omnis non labore est doloribus dolor. Omnis cum officia numquam. Modi omnis voluptatem et eaque.', 5, '2021-07-15 12:12:50', '2021-07-15 12:12:50'),
	(25, 23, 'Wava Brakus', 'Nihil ullam dolorem autem voluptatem. Optio sit sed quasi incidunt.', 5, '2021-07-15 12:12:50', '2021-07-15 12:12:50'),
	(26, 49, 'Drake Fadel IV', 'Quo labore iste vel non nam. Ex ut eligendi corrupti quia. Et accusamus ipsa maiores ea.', 1, '2021-07-15 12:12:50', '2021-07-15 12:12:50'),
	(27, 32, 'Mr. Fletcher Crona Sr.', 'Sit ex eum nihil ducimus et assumenda dicta voluptatem. Ratione dolorem eius magni. Rerum occaecati dolorem vero voluptatum qui iusto veritatis.', 2, '2021-07-15 12:12:50', '2021-07-15 12:12:50'),
	(28, 44, 'Arne Ortiz', 'Aut qui illo similique sit. Ipsam ipsum ex qui ut magnam sint fuga et. Velit iste molestias ut facilis temporibus. Maxime sequi aliquam recusandae nam.', 4, '2021-07-15 12:12:50', '2021-07-15 12:12:50'),
	(29, 47, 'Cheyenne DuBuque', 'Exercitationem et laudantium reprehenderit. Nobis magni ea qui amet et. Magnam et expedita rerum cupiditate velit qui dolor. Et velit accusamus dolorem voluptatum voluptatibus. Sit dolor ut dolorum libero mollitia.', 3, '2021-07-15 12:12:50', '2021-07-15 12:12:50'),
	(30, 3, 'Esperanza Pacocha', 'Cum minus provident deleniti optio laboriosam vel ipsum. Quas at est ut qui fuga perferendis molestiae.', 1, '2021-07-15 12:12:50', '2021-07-15 12:12:50'),
	(31, 16, 'Mrs. Mara Nicolas', 'Eos architecto magni voluptatum magni rem perspiciatis eligendi et. Quo excepturi voluptas sed ullam quidem commodi. Aspernatur error et consequuntur exercitationem harum sit natus. Tenetur illo laborum corrupti officiis.', 4, '2021-07-15 12:12:50', '2021-07-15 12:12:50'),
	(32, 24, 'Lesley Kertzmann', 'Vel velit nostrum dolor inventore. A sunt aliquam sed quam. Rerum accusantium iusto autem vel quia voluptates.', 1, '2021-07-15 12:12:50', '2021-07-15 12:12:50'),
	(33, 28, 'Gideon Mayert', 'Sunt quidem quod recusandae laborum dolore. Perspiciatis non doloribus cupiditate dolorem labore. Animi numquam exercitationem sit saepe temporibus voluptatum.', 0, '2021-07-15 12:12:50', '2021-07-15 12:12:50'),
	(34, 31, 'Willa Bogisich PhD', 'Ut officia voluptas sed eum. Aut sit aut animi voluptatem deserunt quaerat enim. Omnis voluptate neque occaecati nulla aut.', 5, '2021-07-15 12:12:50', '2021-07-15 12:12:50'),
	(35, 42, 'Mr. Logan Breitenberg', 'Ipsum id provident minus aliquid qui. Qui soluta modi est voluptatibus in. Vitae iste autem dolore accusantium neque. Voluptates iusto ullam laboriosam qui dolores qui.', 2, '2021-07-15 12:12:50', '2021-07-15 12:12:50'),
	(36, 15, 'Una O\'Reilly', 'Fuga et eligendi qui. Rerum et quo maiores voluptas voluptatem. Unde praesentium quis velit qui aut numquam dolorem eligendi.', 1, '2021-07-15 12:12:50', '2021-07-15 12:12:50'),
	(37, 28, 'Clint Rice', 'Voluptatem nobis et id qui quisquam. Sunt voluptate aut esse aut in. Laudantium amet id sed commodi voluptas autem voluptatibus. Quisquam quia ab ut dolore sit autem.', 5, '2021-07-15 12:12:50', '2021-07-15 12:12:50'),
	(38, 38, 'Ada Dach', 'Eos dolores illum dolorem perspiciatis et pariatur ut. Qui vero eos eum non deserunt. Sint nesciunt quisquam eos atque rem. Iste non accusantium voluptatibus omnis aspernatur.', 4, '2021-07-15 12:12:50', '2021-07-15 12:12:50'),
	(39, 44, 'Alden Torphy', 'Et deserunt ipsam omnis dolore sequi quo. Voluptas tempore temporibus voluptas ut pariatur assumenda voluptatum.', 2, '2021-07-15 12:12:50', '2021-07-15 12:12:50'),
	(40, 38, 'Mr. Eloy Morissette DVM', 'Consequuntur voluptatibus repellat nam veniam. Accusamus tempora sunt distinctio vel rerum quibusdam.', 0, '2021-07-15 12:12:50', '2021-07-15 12:12:50'),
	(41, 44, 'Violette Gleason PhD', 'Mollitia provident voluptatum et non itaque laborum non. Ut harum quibusdam distinctio totam enim ut. Fugiat ut et saepe. Omnis possimus omnis et excepturi commodi nesciunt.', 3, '2021-07-15 12:12:50', '2021-07-15 12:12:50'),
	(42, 20, 'Marilou Upton', 'Aliquid rerum eius qui. Labore corporis dolores excepturi deleniti fugiat expedita. Deleniti provident dolores eius laboriosam molestias nostrum omnis.', 2, '2021-07-15 12:12:50', '2021-07-15 12:12:50'),
	(43, 27, 'Dr. Coty Rath PhD', 'Facere quos non facilis et blanditiis reiciendis. Perferendis officiis autem ut ut fuga corrupti. Asperiores qui beatae officia sint nam. Reiciendis molestiae et quisquam quasi sed.', 4, '2021-07-15 12:12:50', '2021-07-15 12:12:50'),
	(44, 9, 'Malvina Kemmer', 'Sint quam enim aut aspernatur est ut iusto. Mollitia et laudantium suscipit et qui dolorum dicta. Provident assumenda minus illo. Est temporibus rerum est necessitatibus expedita vel.', 1, '2021-07-15 12:12:50', '2021-07-15 12:12:50'),
	(45, 46, 'Ozella Dare DDS', 'Excepturi autem est perferendis amet. Omnis sunt sit hic occaecati eos qui. Et sunt explicabo dolor.', 5, '2021-07-15 12:12:50', '2021-07-15 12:12:50'),
	(46, 44, 'Claude Harvey', 'Dolor autem nulla tempore veniam est. Et quisquam sint deleniti fuga ut est ut. Perspiciatis ex sed velit est.', 5, '2021-07-15 12:12:50', '2021-07-15 12:12:50'),
	(47, 24, 'Haven Williamson', 'In et voluptatum consequatur totam in. Rerum et sed et perferendis aut et suscipit. Soluta velit iure dicta quia occaecati suscipit dignissimos. Quasi et saepe facere.', 4, '2021-07-15 12:12:50', '2021-07-15 12:12:50'),
	(48, 25, 'Prof. Carmella Stokes III', 'Ut consequatur qui dolore quibusdam corporis commodi accusamus. Incidunt rerum perferendis molestiae enim illum in voluptate. Ab officia facere velit commodi commodi minima.', 4, '2021-07-15 12:12:50', '2021-07-15 12:12:50'),
	(49, 40, 'Anita Batz V', 'Quisquam minus ut facilis animi. Rem et laboriosam quis quis eos. Quia qui cum aut occaecati iure autem.', 0, '2021-07-15 12:12:50', '2021-07-15 12:12:50'),
	(50, 31, 'Amparo Jacobs', 'Vel temporibus nostrum voluptate ut eum quo. Harum maxime necessitatibus earum. Iure sit velit optio ad est beatae nulla.', 4, '2021-07-15 12:12:50', '2021-07-15 12:12:50'),
	(51, 32, 'Gunner Bernhard', 'A harum ea expedita enim quas. Debitis ea porro et voluptatem aut. Cum eos quia dolor et architecto.', 2, '2021-07-15 12:12:50', '2021-07-15 12:12:50'),
	(52, 27, 'Emerald Green', 'Aut dolores et consequuntur delectus blanditiis. Ducimus facere tenetur suscipit ut quis vero sit. Et vel quia quia voluptate voluptatem.', 2, '2021-07-15 12:12:50', '2021-07-15 12:12:50'),
	(53, 20, 'Mr. Kraig Turner', 'Vitae praesentium dolore quod voluptatem. Dolores nesciunt iste sit et doloribus nesciunt velit non. Culpa aut atque aut.', 3, '2021-07-15 12:12:50', '2021-07-15 12:12:50'),
	(54, 19, 'Katherine Mraz', 'Ipsa magnam quia non molestiae rerum. Aut omnis odit vel dolorem. Dolorum delectus provident amet. Quaerat id labore ex quo odit quam. Corporis et velit est ab vero.', 5, '2021-07-15 12:12:50', '2021-07-15 12:12:50'),
	(55, 46, 'Dillan Smith MD', 'Modi iste a temporibus consequatur iure. Doloremque commodi ducimus hic quia. Voluptatem ut sunt velit alias quo sunt similique.', 5, '2021-07-15 12:12:50', '2021-07-15 12:12:50'),
	(56, 7, 'Jed Cronin', 'Reiciendis error non velit qui numquam. Perferendis voluptas optio aperiam reiciendis sint quas et. Occaecati iusto quisquam iure enim sint sint.', 5, '2021-07-15 12:12:50', '2021-07-15 12:12:50'),
	(57, 10, 'Dr. Lea Stoltenberg', 'Occaecati ex laborum laborum aut molestiae quod. Numquam et porro esse itaque animi. Ut dolorem nam est numquam aut quibusdam id. Error occaecati enim maxime explicabo rerum quis voluptatem eveniet.', 3, '2021-07-15 12:12:50', '2021-07-15 12:12:50'),
	(58, 5, 'Mr. Jaydon Flatley DDS', 'Beatae ut soluta sequi exercitationem. Quia voluptate et illo aliquam aut. Natus ea fugit vero inventore. Provident quidem rem molestiae sit magni nostrum architecto.', 0, '2021-07-15 12:12:50', '2021-07-15 12:12:50'),
	(59, 48, 'Carolanne Pollich', 'Libero deserunt culpa ut omnis repellat nihil. Consectetur qui sint libero enim. Non provident sint aut vel praesentium officia. Dicta et amet repudiandae.', 1, '2021-07-15 12:12:50', '2021-07-15 12:12:50'),
	(60, 34, 'Brendon Shanahan', 'Ut accusamus amet laudantium eos et id. Delectus quaerat id et ex voluptatem similique vel. Ut saepe maxime est molestiae magni rerum.', 3, '2021-07-15 12:12:50', '2021-07-15 12:12:50'),
	(61, 26, 'Travon Lemke', 'Maxime amet aliquam eos cumque. Nam accusantium reiciendis ut error esse cum et et. Voluptas ut et distinctio debitis voluptatem et assumenda. Aut ad vel magni et aut.', 4, '2021-07-15 12:12:50', '2021-07-15 12:12:50'),
	(62, 19, 'Tremaine Hessel', 'Et consequuntur ut sint animi nihil atque aut consequuntur. Voluptas optio alias qui accusamus corporis et perspiciatis. Sint dolor id in rerum. Est ratione id officiis cupiditate ratione vitae eos.', 0, '2021-07-15 12:12:50', '2021-07-15 12:12:50'),
	(63, 8, 'Lisandro Dickens', 'Excepturi libero natus vero et eum reprehenderit sint. Voluptates cum aperiam explicabo molestiae.', 5, '2021-07-15 12:12:50', '2021-07-15 12:12:50'),
	(64, 16, 'Mrs. Odie Vandervort DDS', 'Doloribus repudiandae corrupti quasi nostrum neque itaque totam qui. Ea aut rerum qui qui quod. Reprehenderit soluta delectus voluptatibus quia. Perferendis ipsum fugit animi iure delectus nisi.', 2, '2021-07-15 12:12:50', '2021-07-15 12:12:50'),
	(65, 14, 'Bradford Barton', 'Atque asperiores non repellat corrupti quis id. Neque deleniti nihil consequatur velit ea qui maiores. Dolores laboriosam consequatur provident dolores dignissimos quo fugit.', 0, '2021-07-15 12:12:50', '2021-07-15 12:12:50'),
	(66, 29, 'Dr. Kip Quigley', 'Eos alias eum voluptatem veritatis. Nisi rerum eaque illum qui. Autem et molestiae odio doloremque ut optio.', 1, '2021-07-15 12:12:50', '2021-07-15 12:12:50'),
	(67, 13, 'Audra Lockman', 'Ut expedita aut quod ipsam molestiae est ut. Et laudantium optio quia voluptatem qui cupiditate molestias.', 3, '2021-07-15 12:12:50', '2021-07-15 12:12:50'),
	(68, 32, 'Kassandra Jacobi', 'Quam ut sed atque minus cupiditate ducimus tempore. Id eos ducimus voluptatem doloribus nisi sed voluptas error. Eveniet eum qui rerum et.', 5, '2021-07-15 12:12:50', '2021-07-15 12:12:50'),
	(69, 12, 'Scottie Lynch', 'Sit a accusamus vero facere sit repellat sed. Qui odit sed et ut et ipsum. Eos est fugit aut omnis illum quo. Hic et voluptas alias corrupti.', 5, '2021-07-15 12:12:50', '2021-07-15 12:12:50'),
	(70, 30, 'Dr. Henry Gulgowski', 'Qui architecto ab et iste modi animi est. Quisquam dolor rerum in quidem eos modi ad placeat. Amet eum deleniti asperiores et qui sequi aut. Sunt amet et aliquam voluptatem architecto qui illo.', 2, '2021-07-15 12:12:50', '2021-07-15 12:12:50'),
	(71, 45, 'Myriam Wyman', 'Tenetur doloribus et omnis dolor autem voluptatum consequatur. Aut enim omnis hic. Illum qui itaque voluptatem sequi laboriosam deleniti voluptate saepe. Qui repellat voluptatem qui sit consectetur.', 4, '2021-07-15 12:12:50', '2021-07-15 12:12:50'),
	(72, 43, 'Raymundo Berge', 'Vel aut necessitatibus vero aut consequatur. Repellendus corporis natus natus delectus. Labore aspernatur nam enim dolores quae illo sunt.', 2, '2021-07-15 12:12:50', '2021-07-15 12:12:50'),
	(73, 35, 'Ms. Victoria Heidenreich', 'Accusantium aut quod perferendis impedit. Pariatur odio ut eos ut sed. Dignissimos minus temporibus nisi fuga sed sunt vitae.', 1, '2021-07-15 12:12:50', '2021-07-15 12:12:50'),
	(74, 12, 'Gilbert DuBuque', 'Ea pariatur distinctio hic consequuntur libero voluptates. Ipsam voluptas asperiores ullam omnis eius. Est reprehenderit iusto totam incidunt eaque dolorem exercitationem.', 2, '2021-07-15 12:12:50', '2021-07-15 12:12:50'),
	(75, 39, 'Ara Robel Jr.', 'Praesentium est blanditiis quasi ipsum cum. Laboriosam aspernatur quaerat debitis aut maxime sit praesentium. Corporis architecto accusamus et expedita quo nobis. Illo maiores non minus delectus consequatur quod.', 2, '2021-07-15 12:12:50', '2021-07-15 12:12:50'),
	(76, 31, 'Schuyler Bayer', 'Cumque magni corporis quisquam fuga et laudantium ut. Nihil eveniet quae quidem expedita. Beatae iusto quis rerum fugit. Culpa iusto voluptatum doloremque omnis recusandae voluptates aut placeat.', 1, '2021-07-15 12:12:50', '2021-07-15 12:12:50'),
	(77, 9, 'Tillman Schneider', 'Et et praesentium blanditiis esse. Et sequi qui autem optio odit corporis ratione similique. Assumenda eum quisquam voluptate velit et natus. Excepturi nisi nostrum sequi voluptatem cum at a. Accusamus aliquid qui unde eos molestiae quidem.', 0, '2021-07-15 12:12:50', '2021-07-15 12:12:50'),
	(78, 23, 'Deion Bruen DVM', 'Officiis vel ad qui sit. Sed hic sint sunt optio quod esse. Veritatis consequatur suscipit quo suscipit nemo.', 3, '2021-07-15 12:12:50', '2021-07-15 12:12:50'),
	(79, 35, 'Madyson Cronin', 'Error ad non vero accusantium non rem qui. Eum aliquam provident delectus et aut et occaecati. Illo vel officia error.', 5, '2021-07-15 12:12:50', '2021-07-15 12:12:50'),
	(80, 39, 'Hellen Howe II', 'In qui asperiores omnis nemo consequatur. Unde consequatur eveniet placeat voluptatem. Similique laborum magnam aliquid ut. Quas animi soluta aliquam sunt qui voluptatibus ad aut.', 2, '2021-07-15 12:12:50', '2021-07-15 12:12:50'),
	(81, 46, 'Providenci Schoen III', 'Numquam corrupti esse rem sed perferendis sed sed enim. Voluptas earum id dolore quis. Quas repellat doloribus ex eos inventore et repellendus ut. Maxime expedita quaerat harum minima sed similique asperiores. Enim fuga sint quibusdam.', 4, '2021-07-15 12:12:50', '2021-07-15 12:12:50'),
	(82, 17, 'Meda Walter', 'Quo officia corporis voluptatem rerum consequatur laboriosam eligendi. Numquam non doloremque sunt molestias itaque. Temporibus eius rem quidem at in.', 1, '2021-07-15 12:12:50', '2021-07-15 12:12:50'),
	(83, 5, 'Prof. Demond Koepp', 'Quidem eos nemo repellendus perferendis et omnis. Nisi cupiditate qui consequatur ipsam qui. Dicta cumque sed nemo sunt repudiandae.', 2, '2021-07-15 12:12:50', '2021-07-15 12:12:50'),
	(84, 26, 'Aisha Kessler', 'Quibusdam tempora libero laudantium nihil est. Eaque maiores officia velit qui. Dicta rerum vero quidem quis sint. Qui quis omnis voluptatem harum ad rerum officiis.', 4, '2021-07-15 12:12:50', '2021-07-15 12:12:50'),
	(85, 29, 'German Veum', 'Eligendi ut doloremque dolores numquam vero quaerat ullam maxime. Porro quas facere vitae dolorem. Sed quam autem nihil odit. Modi expedita blanditiis quidem rerum.', 1, '2021-07-15 12:12:50', '2021-07-15 12:12:50'),
	(86, 18, 'Earlene Larkin II', 'Aut praesentium commodi perferendis ratione officiis sint earum. Labore voluptatibus autem non officia animi. Aperiam et assumenda sit odio saepe.', 2, '2021-07-15 12:12:50', '2021-07-15 12:12:50'),
	(87, 28, 'Jimmy Herman', 'Temporibus consectetur alias sequi eum qui omnis nemo. Id voluptate dignissimos vitae itaque. Et quos autem at maxime voluptatibus modi hic. Ut error odio accusantium delectus.', 0, '2021-07-15 12:12:50', '2021-07-15 12:12:50'),
	(88, 46, 'Genoveva Stiedemann', 'Dolore tenetur odio corporis praesentium ab libero molestiae. Iusto possimus vero enim dolore placeat quaerat.', 3, '2021-07-15 12:12:50', '2021-07-15 12:12:50'),
	(89, 50, 'Alanna Reichel', 'Vero ducimus nobis dolor sed recusandae nihil voluptate. Iure error assumenda fuga ut. Vitae consequatur officia dolor ipsum aperiam atque consequatur. Eos voluptatibus sint non repellendus optio molestias amet.', 3, '2021-07-15 12:12:50', '2021-07-15 12:12:50'),
	(90, 31, 'Joey Koss', 'Sit consequatur esse occaecati praesentium vel magnam. Officia et expedita quia aut.', 5, '2021-07-15 12:12:50', '2021-07-15 12:12:50'),
	(91, 45, 'Evelyn Cummings', 'Minima aut aut eligendi. Nihil unde dolores id tenetur asperiores. Quia dolor sit cupiditate aliquam quasi necessitatibus facere. Quod iste assumenda provident praesentium.', 5, '2021-07-15 12:12:50', '2021-07-15 12:12:50'),
	(92, 12, 'Alexander Ziemann', 'Ratione totam architecto vel voluptatem. Animi officiis rem dignissimos. Est voluptatem repellendus quasi similique qui. Voluptatem qui sequi similique dolores voluptatem.', 3, '2021-07-15 12:12:50', '2021-07-15 12:12:50'),
	(93, 17, 'Jayda Huel', 'Neque nesciunt repudiandae culpa dolore optio. Nemo incidunt dolore doloribus eum magnam et. Quae natus laboriosam et quod repudiandae commodi quia aut.', 2, '2021-07-15 12:12:50', '2021-07-15 12:12:50'),
	(94, 16, 'Harvey Larson Sr.', 'Nisi assumenda qui blanditiis dolor. Et nam incidunt rerum tenetur atque quo ut. Totam delectus corporis id fugiat eos.', 4, '2021-07-15 12:12:50', '2021-07-15 12:12:50'),
	(95, 16, 'Humberto Hirthe', 'Iure vero similique ex quas voluptatem est. Similique corporis ratione officia.', 2, '2021-07-15 12:12:50', '2021-07-15 12:12:50'),
	(96, 45, 'Miss Velda Cruickshank', 'Quo recusandae delectus non ut consectetur omnis. Repudiandae sit hic voluptatum veniam. A ratione et corporis magni magnam numquam.', 3, '2021-07-15 12:12:50', '2021-07-15 12:12:50'),
	(97, 42, 'Unique Miller Jr.', 'In quo delectus numquam unde corporis et. Mollitia sequi rerum ut iste. Qui deleniti maiores facere saepe earum non eveniet suscipit.', 3, '2021-07-15 12:12:50', '2021-07-15 12:12:50'),
	(98, 6, 'Dr. Norval Dickens', 'Atque quidem error est. Illum odit autem aut sapiente consequatur perspiciatis. Nesciunt nemo molestias excepturi quisquam aperiam nihil. Qui fugiat vitae mollitia iste quidem incidunt et.', 2, '2021-07-15 12:12:50', '2021-07-15 12:12:50'),
	(99, 22, 'Mrs. Shania Schulist Sr.', 'Quasi voluptas voluptatem repudiandae autem nostrum. Facilis distinctio facilis et dolorem autem natus iusto necessitatibus.', 1, '2021-07-15 12:12:50', '2021-07-15 12:12:50'),
	(100, 22, 'Deontae Shields', 'Inventore in quasi impedit. Consequatur voluptates excepturi enim id et. Nesciunt vel dolore quo voluptatibus rerum iste. Accusantium tenetur aliquam quaerat earum ex. Non quae quod a vel sit tempore accusantium.', 4, '2021-07-15 12:12:50', '2021-07-15 12:12:50'),
	(101, 11, 'Kailee Watsica', 'Est dicta voluptatem temporibus quia. Quisquam voluptatem culpa suscipit optio odit. Nulla tempora deleniti eveniet repellat maxime.', 2, '2021-07-15 12:12:50', '2021-07-15 12:12:50'),
	(102, 21, 'Elissa Bode', 'Nemo qui numquam necessitatibus. Qui quaerat qui quas nostrum eaque reiciendis autem. Quo molestiae molestiae aut provident aut nesciunt.', 3, '2021-07-15 12:12:50', '2021-07-15 12:12:50'),
	(103, 10, 'Sally Weimann', 'Blanditiis magni autem officia. Quaerat voluptatem earum est rem dolor. Voluptate ullam laborum ut repellendus perferendis occaecati aspernatur.', 0, '2021-07-15 12:12:50', '2021-07-15 12:12:50'),
	(104, 49, 'Mr. Tatum Haag', 'Aut eius odit quis. Eum dolorem qui amet impedit. Nisi veniam dolor nobis rem fugiat adipisci doloribus rerum. Consequuntur alias rerum recusandae quaerat omnis vitae autem esse.', 5, '2021-07-15 12:12:50', '2021-07-15 12:12:50'),
	(105, 27, 'Lora Feeney', 'Labore iure blanditiis explicabo qui. Dolorem nisi cum qui. Totam aperiam qui ut a et expedita voluptatem.', 2, '2021-07-15 12:12:50', '2021-07-15 12:12:50'),
	(106, 6, 'Sage Leannon', 'Harum dolores dolor voluptas mollitia placeat culpa. Voluptatum nostrum facere consequatur optio itaque quam. Nam corporis ut debitis eveniet vel inventore sint. Aliquam quasi expedita et sed aliquid.', 0, '2021-07-15 12:12:50', '2021-07-15 12:12:50'),
	(107, 46, 'Dr. Ricardo Mann III', 'Dolore non dolores soluta voluptate incidunt dolore inventore. Quas voluptate temporibus et aut quidem optio sunt occaecati. Et consectetur qui omnis sunt quod. Odit aliquid ratione magnam.', 3, '2021-07-15 12:12:50', '2021-07-15 12:12:50'),
	(108, 21, 'Ms. Rebeka Boehm MD', 'Recusandae sed blanditiis est nisi doloribus et. Quo necessitatibus consequuntur quis aliquam aliquam qui. Ratione reprehenderit quos fugit voluptatem placeat. Quae accusantium expedita totam at.', 3, '2021-07-15 12:12:50', '2021-07-15 12:12:50'),
	(109, 24, 'Laurie Ritchie', 'Sit quod ea commodi magnam quisquam. Minus possimus in voluptatibus reiciendis et nisi alias. Aperiam qui vero alias ullam facilis. Numquam saepe voluptatibus voluptas qui qui sit enim. Iste vel in est laborum illo.', 2, '2021-07-15 12:12:50', '2021-07-15 12:12:50'),
	(110, 45, 'Jamel Jerde', 'Quibusdam qui eius officia porro. Vel omnis dolorum nihil eum praesentium numquam doloremque. Aut mollitia est nihil porro. Voluptates qui saepe quae rerum magni vel. Iste repellat nostrum repudiandae soluta assumenda sit modi dolores.', 5, '2021-07-15 12:12:50', '2021-07-15 12:12:50'),
	(111, 39, 'Miss Shanny Kassulke PhD', 'Deleniti quae facere ipsum omnis. Quis et aliquid sequi vero culpa sequi. Omnis et minus vel dolorum facere iusto.', 5, '2021-07-15 12:12:50', '2021-07-15 12:12:50'),
	(112, 41, 'Rosetta Schroeder', 'Suscipit consequatur qui animi neque. Corporis eum doloribus aut numquam quibusdam ipsam. Quo totam quos voluptas a.', 1, '2021-07-15 12:12:50', '2021-07-15 12:12:50'),
	(113, 3, 'Esperanza Wintheiser', 'Atque est accusantium minus recusandae tenetur quas ratione. Accusamus incidunt nihil rem qui. Eveniet esse autem dolore aut amet quia.', 1, '2021-07-15 12:12:50', '2021-07-15 12:12:50'),
	(114, 7, 'Prof. Jaylen Padberg DDS', 'Cumque qui quia asperiores. Est voluptatem ab quia dolores. Sunt soluta et delectus harum et nemo non soluta.', 5, '2021-07-15 12:12:50', '2021-07-15 12:12:50'),
	(115, 17, 'Einar Feest I', 'Explicabo adipisci dolorem quidem hic quasi dolorem. Placeat nobis laborum consectetur aperiam praesentium. Officia in consequatur error et possimus sequi et.', 5, '2021-07-15 12:12:50', '2021-07-15 12:12:50'),
	(116, 15, 'Dr. Ernesto Stehr', 'Culpa doloribus rerum esse voluptas. Est vel non autem officiis quibusdam. Non numquam architecto voluptatibus ad quia magnam. Nihil recusandae sit quisquam. Id quia iusto possimus commodi.', 3, '2021-07-15 12:12:50', '2021-07-15 12:12:50'),
	(117, 8, 'Ms. Yadira Reinger Sr.', 'Pariatur aut quasi laborum mollitia. Ut rerum est eius ut amet et quia. Cumque placeat iure et eaque aut. Ut quos sed quisquam quo et in. Facilis tempore id atque.', 2, '2021-07-15 12:12:50', '2021-07-15 12:12:50'),
	(118, 34, 'Evelyn Pollich MD', 'Sunt numquam cum natus veritatis. Debitis et ex est atque quia ducimus deserunt. Voluptas qui eveniet quae sit eum labore. Optio et sint facere.', 3, '2021-07-15 12:12:50', '2021-07-15 12:12:50'),
	(119, 37, 'Mr. Rhett Kirlin III', 'Repellat voluptatem tempore dicta dolorem sit consequatur unde. Quia nobis deleniti est soluta. Adipisci perferendis beatae ipsum dolor non sit dolores. Rerum culpa nihil nesciunt tempora vero non quis.', 2, '2021-07-15 12:12:50', '2021-07-15 12:12:50'),
	(120, 20, 'Sonny O\'Keefe III', 'Rem vel eos at cumque. Officia provident aut distinctio possimus sit ut. Est sint earum cupiditate quam accusamus sed itaque. Quos aut repellat sit exercitationem tempore.', 5, '2021-07-15 12:12:50', '2021-07-15 12:12:50'),
	(121, 40, 'Serena McGlynn', 'Facere mollitia praesentium eos ex consectetur. Nesciunt facere quas laborum. Sed optio praesentium provident. Delectus quis facere reiciendis unde.', 4, '2021-07-15 12:12:50', '2021-07-15 12:12:50'),
	(122, 35, 'Federico Rodriguez', 'Nulla ducimus quibusdam aut sit quia. Minima modi nihil quis. Reprehenderit voluptatibus blanditiis nesciunt corporis.', 5, '2021-07-15 12:12:50', '2021-07-15 12:12:50'),
	(123, 50, 'Ms. Zetta Herman PhD', 'Hic tenetur eos et placeat ab sed molestiae. Laboriosam commodi laborum voluptas. Sit vitae corrupti voluptatem molestiae consequatur nemo. Illum vero expedita quo at voluptas et.', 0, '2021-07-15 12:12:50', '2021-07-15 12:12:50'),
	(124, 31, 'Dr. Samson Cassin', 'Est officia maxime cum eveniet non neque quas inventore. Consequatur veritatis sequi nam ut quia sit modi. Ad veritatis voluptatem consequuntur quo quod sunt. Architecto repellat doloribus explicabo voluptatibus eveniet sapiente.', 2, '2021-07-15 12:12:50', '2021-07-15 12:12:50'),
	(125, 17, 'Jalen Bauch', 'Voluptas qui totam quis ut. Voluptatem voluptatem quas alias alias. Aspernatur aut accusantium numquam.', 4, '2021-07-15 12:12:50', '2021-07-15 12:12:50'),
	(126, 9, 'Luis Rutherford', 'Ullam sint at optio ut. Sunt voluptatem quam architecto earum voluptatem qui. Quia ipsa quo dolore aperiam dolorem.', 0, '2021-07-15 12:12:50', '2021-07-15 12:12:50'),
	(127, 9, 'Lloyd Hahn I', 'Ipsam impedit ab neque id. Alias iure temporibus totam vero. Non et temporibus nobis cupiditate assumenda dolorem id. Cum non pariatur autem aut. Ut adipisci qui omnis et.', 1, '2021-07-15 12:12:50', '2021-07-15 12:12:50'),
	(128, 4, 'Miss Carrie Kozey', 'Eius et explicabo quidem molestiae. Dolorum odit reiciendis ex ad nostrum accusamus repellendus. Animi sunt accusantium itaque et commodi voluptas repudiandae.', 2, '2021-07-15 12:12:50', '2021-07-15 12:12:50'),
	(129, 38, 'Tessie Waelchi', 'Quia consequatur quo et in. Adipisci inventore saepe rerum. Quos quo rerum non quia voluptatum. Nesciunt aut asperiores assumenda.', 5, '2021-07-15 12:12:50', '2021-07-15 12:12:50'),
	(130, 20, 'Valentine Rutherford', 'Repudiandae culpa omnis saepe est qui quidem laudantium. Aliquid fugit saepe ut vero.', 0, '2021-07-15 12:12:50', '2021-07-15 12:12:50'),
	(131, 14, 'Johnnie Stehr', 'Aut harum et qui magni. Eveniet ad aliquid eum.', 2, '2021-07-15 12:12:50', '2021-07-15 12:12:50'),
	(132, 14, 'Ms. Kelly Leannon', 'Voluptatum impedit amet architecto velit omnis accusamus consequatur. Ipsa qui similique a unde voluptas non quibusdam. Et doloremque explicabo omnis sint. Nobis rerum aut libero in.', 1, '2021-07-15 12:12:50', '2021-07-15 12:12:50'),
	(133, 34, 'Eula Johnston', 'Distinctio placeat ut voluptatem nulla accusantium. Quae voluptatem in dolores sequi. Quisquam eligendi quos dicta rem. Molestiae et omnis consectetur.', 1, '2021-07-15 12:12:50', '2021-07-15 12:12:50'),
	(134, 30, 'Jonatan Torp', 'Perferendis sapiente sint ullam sapiente ratione porro corrupti enim. Excepturi recusandae recusandae et ut velit sed aliquid. Aut ut fugit voluptatem laboriosam. Quo eaque itaque atque numquam.', 3, '2021-07-15 12:12:50', '2021-07-15 12:12:50'),
	(135, 32, 'Tomasa Rowe', 'Repudiandae illo itaque sit eum maxime. Adipisci enim nemo eaque ipsa placeat a omnis. Ad officia labore vel modi est voluptates. Culpa odit dolores eum commodi.', 4, '2021-07-15 12:12:50', '2021-07-15 12:12:50'),
	(136, 47, 'Madison Kuphal', 'Assumenda et qui nulla placeat aperiam et. Sed sed ut sunt qui et animi vel. Atque aspernatur voluptatem hic vel. Cumque nihil facere qui sit aut. Autem et quo architecto facilis ab explicabo.', 0, '2021-07-15 12:12:50', '2021-07-15 12:12:50'),
	(137, 12, 'Dr. Ayla Hahn DDS', 'Et quo eum possimus. Quas ipsum nam eos explicabo. Dicta quidem officiis expedita tenetur sed.', 5, '2021-07-15 12:12:50', '2021-07-15 12:12:50'),
	(138, 27, 'Jules Ankunding', 'Impedit quam est sint maiores distinctio et doloremque. Occaecati id et quam molestiae perferendis saepe tempore quia. Dolor porro aspernatur soluta maiores nihil ex nisi.', 0, '2021-07-15 12:12:50', '2021-07-15 12:12:50'),
	(139, 15, 'Arjun Mohr', 'Eum quasi rerum omnis. Minus molestiae quia quae fuga eos aliquam. Natus et earum ut corrupti. Sed et quia magni aut. Maiores necessitatibus mollitia sit quaerat aut.', 2, '2021-07-15 12:12:50', '2021-07-15 12:12:50'),
	(140, 23, 'Rhianna Brakus', 'Nam molestiae unde ipsam accusantium. Pariatur recusandae vel cum. Pariatur iste quia velit molestias eum ut. Quod consequuntur provident vel incidunt occaecati sequi rem aut.', 1, '2021-07-15 12:12:50', '2021-07-15 12:12:50'),
	(141, 42, 'Virgie Erdman', 'Exercitationem laborum fugiat ut exercitationem dicta qui. Culpa veniam sed et ut. Qui nemo autem quod occaecati qui. Voluptatum perspiciatis rem doloribus molestiae dolorum autem.', 4, '2021-07-15 12:12:50', '2021-07-15 12:12:50'),
	(142, 18, 'Prof. Giovanny Emmerich', 'Vitae officia et nulla est iure similique ut. Excepturi doloribus repellendus distinctio dolorum omnis sed laudantium. Consequatur id voluptatum quo id rem consequuntur autem saepe. Minima explicabo aperiam at neque in eius.', 4, '2021-07-15 12:12:50', '2021-07-15 12:12:50'),
	(143, 50, 'Mrs. Lucy Lubowitz II', 'Aliquam consequatur est omnis corporis. Tenetur veniam voluptatem doloremque. Consectetur aut optio exercitationem nostrum non non.', 5, '2021-07-15 12:12:50', '2021-07-15 12:12:50'),
	(144, 38, 'Brady Murphy', 'Eligendi voluptatem corporis aut nihil natus. Nam voluptas voluptas est omnis ipsam doloremque et. Sunt omnis ad quis voluptatum quidem.', 3, '2021-07-15 12:12:50', '2021-07-15 12:12:50'),
	(145, 25, 'Ottilie Lesch', 'Quia quam alias a quas rerum. Dolor dolores corporis nobis eos consequatur quo.', 2, '2021-07-15 12:12:50', '2021-07-15 12:12:50'),
	(146, 37, 'Dr. Jesse Kertzmann III', 'Amet quaerat qui nobis suscipit. Blanditiis voluptatem quia molestiae illo ut deserunt voluptates. Vitae qui suscipit repellendus quo sunt qui.', 4, '2021-07-15 12:12:50', '2021-07-15 12:12:50'),
	(147, 23, 'Carlie Mueller DDS', 'Aut laboriosam eveniet deleniti saepe dolor magnam voluptates. Sequi laboriosam laudantium sunt vero et repellat. Recusandae porro soluta exercitationem cupiditate nostrum praesentium.', 5, '2021-07-15 12:12:50', '2021-07-15 12:12:50'),
	(148, 30, 'Alexis Walsh I', 'Iusto voluptatibus odio et vero provident est. Quia voluptatem qui esse autem sint quos saepe. Sit vero explicabo qui fugit magni est quidem. Et eaque ea expedita optio qui atque nam cupiditate. Iusto sunt laboriosam atque dignissimos.', 0, '2021-07-15 12:12:50', '2021-07-15 12:12:50'),
	(149, 33, 'Prof. Garth Hirthe', 'Id hic rerum in. Magnam est dolorem iusto ex culpa eum ut. Harum mollitia temporibus omnis eum.', 3, '2021-07-15 12:12:50', '2021-07-15 12:12:50'),
	(150, 8, 'Rashad Nikolaus', 'Molestiae voluptatum corporis impedit totam corrupti cupiditate aperiam. Quas rem nam ipsam qui sapiente nam. Aut est aperiam quia quo.', 3, '2021-07-15 12:12:50', '2021-07-15 12:12:50'),
	(151, 37, 'Mr. Paxton Cremin II', 'Expedita totam rerum sunt. Aut aut nesciunt quae exercitationem omnis iste. Ut omnis qui mollitia ut ex. Veritatis qui amet maiores quae. Sunt consectetur voluptas qui dolore sunt eaque mollitia.', 1, '2021-07-15 12:12:50', '2021-07-15 12:12:50'),
	(152, 5, 'Mary Nitzsche', 'Facilis corrupti et iste pariatur. Et in dolorum repellat. Consequuntur autem in cum rerum amet aperiam minima.', 1, '2021-07-15 12:12:50', '2021-07-15 12:12:50'),
	(153, 44, 'Onie Boehm DVM', 'Perferendis totam et qui non numquam. Rerum labore et aspernatur est beatae amet adipisci et. Totam tempora omnis magnam voluptatem. Est nesciunt dicta enim in reiciendis et. Praesentium illum reprehenderit aut ullam nemo magni omnis.', 5, '2021-07-15 12:12:50', '2021-07-15 12:12:50'),
	(154, 41, 'Orville Klocko MD', 'Maxime laboriosam rerum dolores eos eum qui ut et. Dicta molestiae quia vero totam. Reprehenderit error nihil numquam perferendis. Voluptas assumenda dolor veritatis occaecati eaque ut quasi.', 0, '2021-07-15 12:12:50', '2021-07-15 12:12:50'),
	(155, 22, 'Jamie Ledner IV', 'Ea sed ab aut. Animi est eum suscipit omnis consequuntur. Aut et quaerat necessitatibus itaque et corporis ea quod. Sed suscipit qui eius eius delectus deleniti itaque.', 0, '2021-07-15 12:12:50', '2021-07-15 12:12:50'),
	(156, 40, 'Tre Dietrich', 'Et eligendi qui placeat et illum non labore sunt. Aspernatur fuga quo sed vero qui. Nam perferendis sit est a molestiae. A animi laboriosam dolor neque iusto odit. Hic magnam ratione nostrum dolores.', 0, '2021-07-15 12:12:50', '2021-07-15 12:12:50'),
	(157, 14, 'Riley Fadel', 'Ut temporibus illo quia omnis iure natus. Dicta fugit quod numquam sunt laboriosam nihil impedit. Aut et nulla repudiandae sunt consequatur.', 0, '2021-07-15 12:12:50', '2021-07-15 12:12:50'),
	(158, 20, 'Eryn Kertzmann', 'Laborum omnis molestiae dolorem rem excepturi perspiciatis perspiciatis. Nesciunt nesciunt quam repellat et ipsum dolores quam quod. Explicabo itaque et ratione.', 2, '2021-07-15 12:12:50', '2021-07-15 12:12:50'),
	(159, 17, 'Charley Crist', 'Optio incidunt libero et cumque optio iste quae. Laudantium error et ea quis ex et nesciunt. Nihil quia occaecati in tempora quibusdam et.', 3, '2021-07-15 12:12:50', '2021-07-15 12:12:50'),
	(160, 12, 'Mr. Dameon Koch IV', 'Nisi cupiditate dolorem quia quae et odit. Doloremque qui excepturi iusto impedit id sed. Error voluptatem porro debitis doloremque qui officiis et. Laudantium amet quibusdam quod tempore autem ea praesentium. Qui facilis dolorem dolorem odio dolor.', 1, '2021-07-15 12:12:50', '2021-07-15 12:12:50'),
	(161, 17, 'Brain Kutch', 'Delectus id qui quidem reprehenderit magnam voluptas consequatur in. Ea qui consectetur quidem ullam quia voluptates. Saepe voluptas quo et molestiae cupiditate cupiditate facilis.', 4, '2021-07-15 12:12:50', '2021-07-15 12:12:50'),
	(162, 46, 'Alfred Hartmann', 'Mollitia modi dolor assumenda perspiciatis sunt ea eveniet. Rem eum nostrum culpa porro. Sed beatae aut itaque.', 3, '2021-07-15 12:12:50', '2021-07-15 12:12:50'),
	(163, 22, 'Ludie Jakubowski', 'Qui impedit rerum repellat asperiores et sint. Deleniti alias iste quod est eveniet eveniet veniam. Omnis necessitatibus est velit voluptatem autem nobis debitis voluptas.', 5, '2021-07-15 12:12:50', '2021-07-15 12:12:50'),
	(164, 30, 'Tanner Collins', 'Est tenetur est animi. Neque illum rerum et quia ullam facilis.', 2, '2021-07-15 12:12:50', '2021-07-15 12:12:50'),
	(165, 24, 'Bridie Deckow', 'Deserunt cupiditate animi facere non quo. Pariatur qui itaque modi voluptas fuga totam. Iusto eius modi voluptas facilis.', 2, '2021-07-15 12:12:50', '2021-07-15 12:12:50'),
	(166, 47, 'Dr. Art Marquardt', 'Nostrum id ab dolores aut explicabo. Quidem totam in corrupti dolores aliquam quod porro. Voluptatem rem dolore est reprehenderit qui quod. Voluptas atque nihil quos ut.', 2, '2021-07-15 12:12:50', '2021-07-15 12:12:50'),
	(167, 27, 'Kaylee Gorczany', 'Praesentium odit omnis at quia. Et suscipit aut dolor debitis libero. Non sunt maxime eius repellat qui ducimus voluptatum omnis. Expedita maiores nihil facere.', 1, '2021-07-15 12:12:50', '2021-07-15 12:12:50'),
	(168, 32, 'Miss Viviane Ortiz IV', 'Neque est facilis enim ut ut. Ab quia delectus nemo tempora. Rerum asperiores et minima vel itaque. Est ratione aliquid est fugit accusantium.', 0, '2021-07-15 12:12:50', '2021-07-15 12:12:50'),
	(169, 47, 'Jerrell Effertz', 'Est dolore iure optio voluptatem reiciendis dolorem consectetur. Qui corporis repellat magni. Minus pariatur alias mollitia ipsum et sunt.', 3, '2021-07-15 12:12:50', '2021-07-15 12:12:50'),
	(170, 50, 'Estell Brekke', 'Amet aut hic odio eos blanditiis autem. Consectetur eveniet porro alias mollitia ut impedit ratione. Debitis vel sed voluptatum a dolor quam. Non possimus in fugiat voluptatum praesentium.', 4, '2021-07-15 12:12:50', '2021-07-15 12:12:50'),
	(171, 32, 'Monserrat Dach', 'Expedita dolor sed voluptates recusandae hic consectetur. Quis recusandae corporis nesciunt. Distinctio rerum autem laboriosam et. Dolor qui adipisci ut et explicabo aspernatur.', 1, '2021-07-15 12:12:50', '2021-07-15 12:12:50'),
	(172, 25, 'Desmond Rau', 'Quae magnam sit tempore suscipit et autem. Cum repellendus saepe fugit voluptas. Aspernatur distinctio nisi assumenda tenetur laborum. Mollitia mollitia a velit et.', 2, '2021-07-15 12:12:50', '2021-07-15 12:12:50'),
	(173, 29, 'Dena Pagac', 'Mollitia atque tempore tenetur suscipit quidem aut rerum. Aut magnam aut aut quibusdam natus sit. Corporis accusantium praesentium officia molestiae et eum. Sit et voluptate iure eveniet et sit quaerat error.', 3, '2021-07-15 12:12:50', '2021-07-15 12:12:50'),
	(174, 26, 'Ms. Clarissa Towne', 'Et et aspernatur numquam corporis odio et. Natus voluptatibus a velit atque iure.', 3, '2021-07-15 12:12:50', '2021-07-15 12:12:50'),
	(175, 6, 'Miss Lizzie Dibbert DDS', 'Fuga quidem quaerat voluptatibus atque explicabo et. Assumenda occaecati aut quia id ut autem doloribus. Qui dolorem asperiores neque rem unde rem cumque occaecati.', 3, '2021-07-15 12:12:50', '2021-07-15 12:12:50'),
	(176, 31, 'Trevor Lehner', 'Aut maxime aut quisquam ut. Similique qui aut et nulla quo eaque maxime quia. Dicta eius ratione beatae qui voluptatem totam dignissimos.', 1, '2021-07-15 12:12:50', '2021-07-15 12:12:50'),
	(177, 15, 'Lamar Upton', 'Sit nihil excepturi qui consequatur itaque aut ut. Ipsa debitis nulla dolor et iure rerum. Iusto ratione libero libero alias id repellendus est enim. Corporis odit ut est incidunt est.', 0, '2021-07-15 12:12:50', '2021-07-15 12:12:50'),
	(178, 33, 'Brennan Hamill', 'Quasi voluptatum delectus deleniti perferendis nemo. Enim deserunt quaerat incidunt nihil et.', 3, '2021-07-15 12:12:50', '2021-07-15 12:12:50'),
	(179, 45, 'Leilani O\'Kon', 'Soluta tempore et quis necessitatibus maxime sit. Similique nemo sequi sed cum incidunt harum quia. Dolores dolor excepturi voluptas quidem. Consequatur veniam molestiae quidem eos eius unde dolor.', 5, '2021-07-15 12:12:50', '2021-07-15 12:12:50'),
	(180, 43, 'Miss Vickie Jakubowski Jr.', 'Dicta sunt dolores quia soluta at rerum sint accusantium. Vitae consequatur aut impedit architecto neque. Aperiam veritatis dolorum exercitationem debitis rerum.', 4, '2021-07-15 12:12:50', '2021-07-15 12:12:50'),
	(181, 20, 'Allen Altenwerth Sr.', 'Saepe qui autem ut similique. Inventore rerum perferendis minus possimus et voluptas est. Quos consequatur omnis dolor animi enim cupiditate est.', 1, '2021-07-15 12:12:50', '2021-07-15 12:12:50'),
	(182, 26, 'Hermina Leannon', 'Repellendus suscipit atque aut beatae necessitatibus ad. Quaerat fugit enim est molestias. Ad nihil ea quia autem incidunt quia suscipit.', 5, '2021-07-15 12:12:50', '2021-07-15 12:12:50'),
	(183, 19, 'Dangelo Stoltenberg', 'Assumenda eaque quas qui error. Sequi est dolor non et sed dolorum. Tenetur maiores hic cumque nisi et magni dolores.', 1, '2021-07-15 12:12:50', '2021-07-15 12:12:50'),
	(184, 20, 'Dana Fay Jr.', 'Ut nulla et dolore facilis qui. Qui est aspernatur quisquam minus. Nihil repudiandae dolor tenetur corrupti adipisci dolor.', 5, '2021-07-15 12:12:50', '2021-07-15 12:12:50'),
	(185, 17, 'Mr. Garland Beatty Sr.', 'Eum rerum nulla sint fuga earum hic id. Non eius blanditiis enim blanditiis aut. Molestiae quam sunt minus expedita non minus aliquam.', 0, '2021-07-15 12:12:50', '2021-07-15 12:12:50'),
	(186, 13, 'Brain Fadel', 'Pariatur eos ad nesciunt voluptate quis. Similique maiores in nostrum qui fugit nostrum ut. Minus amet sit provident quisquam tempora dolor distinctio.', 3, '2021-07-15 12:12:50', '2021-07-15 12:12:50'),
	(187, 17, 'Dr. Nathaniel Little II', 'Est repudiandae porro vitae sit dicta. Ea soluta repellendus qui.', 0, '2021-07-15 12:12:50', '2021-07-15 12:12:50'),
	(188, 38, 'Rose Abbott II', 'Fugiat dolor temporibus enim. Consequatur est adipisci eos fugiat. Veniam veritatis corporis fuga consequatur. Possimus nostrum aut eveniet illo minus modi eos.', 3, '2021-07-15 12:12:50', '2021-07-15 12:12:50'),
	(189, 17, 'Wilfredo Cremin', 'Deserunt et architecto vero nihil ex sit laboriosam minus. Ad quaerat ullam tempora rerum. Nemo ad nisi quod aut ut.', 0, '2021-07-15 12:12:50', '2021-07-15 12:12:50'),
	(190, 17, 'Madge Beatty', 'Deleniti consequuntur sequi quisquam aut eum ad consequatur esse. Et repellat corporis quisquam vitae incidunt maiores iste sed. Sunt earum et incidunt qui magnam neque ea. Et et nulla in suscipit consequuntur qui.', 5, '2021-07-15 12:12:50', '2021-07-15 12:12:50'),
	(191, 41, 'Avis Koepp MD', 'Et quis quia accusantium. Asperiores rem et eius odio accusantium.', 1, '2021-07-15 12:12:50', '2021-07-15 12:12:50'),
	(192, 43, 'Dena Brakus', 'Cum perferendis consequatur rerum delectus. Eum facilis ut dignissimos enim iusto repudiandae harum commodi. Occaecati voluptas porro cumque numquam.', 5, '2021-07-15 12:12:50', '2021-07-15 12:12:50'),
	(193, 7, 'Prof. Madelynn Thiel Jr.', 'Unde vero ipsa omnis recusandae. Omnis neque atque est repudiandae. Autem consequuntur maiores facilis sit omnis. Asperiores soluta rerum dolores dolorem vitae fuga.', 5, '2021-07-15 12:12:50', '2021-07-15 12:12:50'),
	(194, 9, 'Cathrine Johnson', 'Ea neque sint aut aut. Fugiat explicabo aperiam neque qui dicta facilis omnis. Occaecati non officiis voluptatum inventore. Delectus eligendi aliquid mollitia. Similique dolore tempore dolores reprehenderit sapiente dolore.', 4, '2021-07-15 12:12:50', '2021-07-15 12:12:50'),
	(195, 45, 'Jayde Shields', 'Sequi accusantium maxime ut totam. Consequatur earum hic eligendi sunt veniam veniam perspiciatis cumque. Non cupiditate sed voluptatum exercitationem atque ut. Nihil voluptatem facere non.', 2, '2021-07-15 12:12:50', '2021-07-15 12:12:50'),
	(196, 2, 'Mrs. Matilda Kessler I', 'Ipsam nemo perferendis quis nobis maxime. Cumque et sint et eaque ipsum. Nemo et rerum laboriosam voluptas repellat et.', 4, '2021-07-15 12:12:50', '2021-07-15 12:12:50'),
	(197, 3, 'Ms. Carissa Deckow Sr.', 'Molestias vel voluptatum earum labore quis. Consectetur reiciendis eveniet rerum. Consequatur ut excepturi dicta omnis optio ut incidunt.', 1, '2021-07-15 12:12:50', '2021-07-15 12:12:50'),
	(198, 26, 'Yasmeen Johnston DVM', 'Officiis et ut voluptatibus et ea sit. Quia tempora laudantium quo praesentium quo enim. Laborum consequatur et unde id. Tenetur voluptatibus eum accusamus aliquid voluptatem assumenda ipsum.', 4, '2021-07-15 12:12:50', '2021-07-15 12:12:50'),
	(199, 35, 'Ford Wintheiser', 'Autem ut ipsam eum quisquam voluptatem ex est perspiciatis. Eius minus occaecati adipisci sed et.', 0, '2021-07-15 12:12:50', '2021-07-15 12:12:50'),
	(200, 23, 'Mervin Kunze II', 'Earum asperiores aut quo blanditiis laborum fugiat nulla. Tempore vel ab voluptas nihil libero voluptatem.', 4, '2021-07-15 12:12:50', '2021-07-15 12:12:50'),
	(201, 25, 'Sim Corwin', 'Dolore adipisci accusamus fugiat accusamus aut eveniet. Necessitatibus et ut in consequatur sint nesciunt facere. Rerum necessitatibus architecto ad ut quas ratione autem beatae. Enim sapiente et fugiat iure facere voluptatum ut. Mollitia blanditiis quis porro eum est et architecto.', 1, '2021-07-15 12:12:50', '2021-07-15 12:12:50'),
	(202, 46, 'Annamae Spencer', 'Ut eveniet qui molestiae sit et labore facilis. Repellendus voluptatem ut delectus est asperiores hic quas. Perferendis voluptas quia sapiente nulla quod. Tenetur perspiciatis rerum magni perferendis aspernatur eius.', 1, '2021-07-15 12:12:50', '2021-07-15 12:12:50'),
	(203, 14, 'Josefina Douglas', 'Explicabo inventore quam hic. Architecto minima aut doloribus odit. Harum quam reiciendis iure quaerat amet dignissimos. Fuga molestiae nesciunt quia necessitatibus veritatis qui.', 0, '2021-07-15 12:12:50', '2021-07-15 12:12:50'),
	(204, 15, 'Mr. Eliezer Hauck IV', 'Deserunt et iure maxime quibusdam qui nihil. Voluptatem placeat accusamus neque architecto veritatis aut molestiae libero. Natus dolorem id aut quia est.', 5, '2021-07-15 12:12:50', '2021-07-15 12:12:50'),
	(205, 9, 'Dr. Doug Tremblay', 'Ut nesciunt voluptatem numquam sed sit rerum. Dolores eum quas exercitationem repellat sint. Ratione neque neque qui qui nisi soluta. Eveniet cupiditate consequatur eos eos.', 4, '2021-07-15 12:12:50', '2021-07-15 12:12:50'),
	(206, 6, 'Edmund Sanford', 'Est nihil et dolores perferendis. Beatae ad et expedita voluptatem autem. Reiciendis perspiciatis sequi sit cumque voluptatum esse suscipit.', 5, '2021-07-15 12:12:50', '2021-07-15 12:12:50'),
	(207, 32, 'Stella Padberg Jr.', 'Fugiat accusamus ab delectus animi assumenda incidunt molestiae. Saepe ea fugit consequatur quis. Aut dolores corrupti laboriosam minima excepturi veniam ipsa.', 2, '2021-07-15 12:12:50', '2021-07-15 12:12:50'),
	(208, 39, 'Cory Schinner V', 'Similique corporis est sit. Aut est optio aut enim. Quia accusamus mollitia nam assumenda.', 3, '2021-07-15 12:12:50', '2021-07-15 12:12:50'),
	(209, 16, 'Lempi Langosh', 'Neque expedita maiores assumenda eligendi rerum. Voluptatem earum nostrum corrupti repellat quas qui. Quasi et voluptas et omnis recusandae. Nulla consequatur excepturi non magnam necessitatibus magni.', 3, '2021-07-15 12:12:50', '2021-07-15 12:12:50'),
	(210, 23, 'Ella Olson', 'Quis autem rerum est non velit magnam doloremque. Et voluptatem consectetur id est. Nihil sunt quasi est ut aut.', 3, '2021-07-15 12:12:50', '2021-07-15 12:12:50'),
	(211, 48, 'Roma Tremblay', 'Nesciunt natus atque sint quasi beatae animi. Dolores id autem accusantium consectetur sit. Et iure molestiae officiis laborum velit fuga.', 0, '2021-07-15 12:12:50', '2021-07-15 12:12:50'),
	(212, 21, 'Josianne Funk Sr.', 'Qui recusandae in cumque quis consequatur. Illo est placeat vel quod. Nisi ea voluptas sunt magni. Voluptatem ipsam perferendis recusandae ab ab.', 5, '2021-07-15 12:12:50', '2021-07-15 12:12:50'),
	(213, 37, 'Margarete Little', 'Exercitationem molestias fugit est consectetur voluptas distinctio. Consequatur sint soluta aut est voluptatem voluptatum quia. Et alias molestiae aperiam. Voluptatum porro labore fuga blanditiis.', 1, '2021-07-15 12:12:50', '2021-07-15 12:12:50'),
	(214, 26, 'Dagmar Stanton PhD', 'Autem laboriosam suscipit qui facere. Explicabo et minus pariatur labore quia sunt qui error. Saepe explicabo facere rerum corporis.', 4, '2021-07-15 12:12:50', '2021-07-15 12:12:50'),
	(215, 27, 'Mona Herman', 'Aliquid neque quibusdam consequatur expedita. Voluptatem totam ipsum quos dolorem nam laborum. Voluptatem explicabo dolores atque sunt qui. Asperiores consequuntur hic voluptas ut.', 3, '2021-07-15 12:12:50', '2021-07-15 12:12:50'),
	(216, 22, 'Reta Hettinger', 'Repellat voluptatum ut voluptates velit. Dolore debitis aut sequi aliquam sit eum. Quia quam aut voluptates aspernatur non quia. Sed atque molestiae libero aperiam facilis.', 1, '2021-07-15 12:12:50', '2021-07-15 12:12:50'),
	(217, 13, 'Sincere Schroeder IV', 'Aut ratione et autem molestiae id iure. Laudantium et dolorum consequatur optio. Aut doloremque rerum omnis quae. Est quia omnis recusandae ex.', 4, '2021-07-15 12:12:50', '2021-07-15 12:12:50'),
	(218, 8, 'Prof. Kristofer Brown Sr.', 'Minus corrupti suscipit harum incidunt non. Molestias necessitatibus ratione atque nihil. Aut ea doloremque quo officia natus odit aperiam.', 2, '2021-07-15 12:12:50', '2021-07-15 12:12:50'),
	(219, 47, 'Danyka Volkman', 'Voluptates dolor explicabo et minima. Fugiat consequatur eligendi maiores sequi. In rerum sit voluptas saepe.', 3, '2021-07-15 12:12:50', '2021-07-15 12:12:50'),
	(220, 32, 'Camille McCullough', 'Laboriosam temporibus nesciunt aut fuga aut quia. Magnam quis ea illo officiis neque quo qui ut. Et qui dolor ipsum amet vel nobis.', 0, '2021-07-15 12:12:50', '2021-07-15 12:12:50'),
	(221, 42, 'Charles Heathcote MD', 'Recusandae maxime assumenda iste veritatis adipisci. Repellat ducimus repudiandae iste tempora ullam. Velit natus laborum qui at minus ut perferendis. Alias aut ut dolorum veniam ut tempora amet.', 1, '2021-07-15 12:12:50', '2021-07-15 12:12:50'),
	(222, 33, 'Miss Julianne Pacocha II', 'Eveniet fugit iure et et perspiciatis blanditiis. Perferendis sint temporibus tempore quos officiis. Non a exercitationem molestiae dicta velit temporibus omnis velit. Aliquid earum vel aut eveniet.', 0, '2021-07-15 12:12:50', '2021-07-15 12:12:50'),
	(223, 4, 'Brady Purdy', 'Ullam inventore tenetur consequuntur consequatur ad. Voluptas ea ut ut commodi doloribus accusamus est deserunt. Quos quas non consectetur ea reprehenderit sint molestiae impedit. Consequuntur sint et deserunt nam id.', 0, '2021-07-15 12:12:50', '2021-07-15 12:12:50'),
	(224, 49, 'Alva Wehner', 'Perspiciatis quam aspernatur inventore voluptatibus officiis. Similique recusandae molestiae consequatur aut error enim. Aperiam suscipit in consequatur.', 2, '2021-07-15 12:12:50', '2021-07-15 12:12:50'),
	(225, 38, 'Jimmie Ferry', 'Laudantium voluptatum quo qui sed aliquam occaecati. Vero ut quidem dicta expedita delectus. Totam ad qui natus exercitationem. Et eos doloribus sed itaque voluptatum dolores et.', 0, '2021-07-15 12:12:50', '2021-07-15 12:12:50'),
	(226, 49, 'Mertie Wiegand', 'Inventore nesciunt consequatur dolores similique hic repellat. Quam consequatur et mollitia et laudantium. Omnis assumenda dicta doloremque atque non. Voluptas officia sapiente quam eos corporis voluptatem expedita.', 4, '2021-07-15 12:12:50', '2021-07-15 12:12:50'),
	(227, 8, 'Buford Spencer V', 'Sit at suscipit vel tempore et qui sint. Sunt quo placeat eius sint culpa culpa. Aut culpa dolor possimus rerum.', 0, '2021-07-15 12:12:50', '2021-07-15 12:12:50'),
	(228, 36, 'Mr. Lamont Wuckert', 'Et cupiditate laborum aut consequatur eligendi voluptatibus voluptas. Minus ab quia atque distinctio in molestiae. Praesentium distinctio voluptatem similique numquam est numquam. Omnis unde eligendi et dolore officiis modi consectetur.', 5, '2021-07-15 12:12:50', '2021-07-15 12:12:50'),
	(229, 21, 'Jacinto Jerde III', 'Itaque ut voluptatem dolore suscipit earum eaque. Aut placeat labore id qui nemo odit harum autem. Voluptate quo dolorem consectetur ex laudantium adipisci. Placeat molestiae accusantium porro qui soluta aspernatur non velit.', 3, '2021-07-15 12:12:50', '2021-07-15 12:12:50'),
	(230, 4, 'Ms. Kaelyn Volkman', 'Natus enim beatae voluptatem recusandae et dolor. Sit eius sequi officia et et qui. Perferendis nam explicabo sed. Nulla impedit et sequi eum ut optio beatae magni.', 2, '2021-07-15 12:12:50', '2021-07-15 12:12:50'),
	(231, 4, 'Lizeth Treutel', 'Et magnam enim iste itaque ex molestiae. Et sed nam ipsum ex cumque est. Repudiandae autem sit vel eum.', 1, '2021-07-15 12:12:50', '2021-07-15 12:12:50'),
	(232, 7, 'Mr. Jefferey Shields', 'Earum neque assumenda eaque aut incidunt velit. Fugit inventore qui recusandae rerum dolor praesentium est. Et quod asperiores reprehenderit quis.', 3, '2021-07-15 12:12:50', '2021-07-15 12:12:50'),
	(233, 43, 'Robert Kemmer I', 'Quisquam tenetur omnis a quisquam quas eaque. Similique aut laudantium aut quidem cumque. Cupiditate rem rerum nam officiis. In mollitia officia deserunt ut.', 1, '2021-07-15 12:12:50', '2021-07-15 12:12:50'),
	(234, 24, 'Lilla Brown', 'Nisi ratione blanditiis in sit corrupti. Et dolore dolor qui. Magnam et aspernatur inventore. Quidem sed inventore quibusdam nesciunt autem explicabo omnis eius.', 4, '2021-07-15 12:12:50', '2021-07-15 12:12:50'),
	(235, 13, 'Maribel Grady', 'Magnam illo architecto cupiditate qui consequuntur sit. Laudantium atque quos enim nisi placeat ut. Est eos voluptatem est omnis iste non.', 1, '2021-07-15 12:12:50', '2021-07-15 12:12:50'),
	(236, 17, 'Elisabeth Larkin', 'Ea aliquam optio dolores quia. Eos incidunt fugiat voluptatibus est ab inventore. Adipisci commodi qui nihil. Ut veritatis nobis quos laudantium omnis modi esse magni.', 1, '2021-07-15 12:12:50', '2021-07-15 12:12:50'),
	(237, 44, 'Soledad Howell', 'Exercitationem sunt dolor voluptatem. Facere illum blanditiis dolorum esse sed. Ipsam voluptatum veritatis voluptates consequatur.', 1, '2021-07-15 12:12:50', '2021-07-15 12:12:50'),
	(238, 23, 'Ernestine Jast', 'Esse earum et enim delectus. In rerum magnam excepturi odit unde quia. Vero dolorem quaerat quia sint ullam aut ducimus. Et aliquam alias animi esse aut dignissimos minima. Ab rerum sapiente ducimus ullam nisi illum animi officiis.', 4, '2021-07-15 12:12:50', '2021-07-15 12:12:50'),
	(239, 41, 'Jayme Lowe', 'Velit soluta ut quia quia distinctio exercitationem. Itaque quasi totam dignissimos. Tempore magni expedita eveniet neque ullam laudantium ipsum.', 0, '2021-07-15 12:12:50', '2021-07-15 12:12:50'),
	(240, 4, 'Mrs. Penelope Oberbrunner II', 'Autem debitis dolorum alias perferendis est. Culpa et id neque ut consequatur ut quaerat. Velit autem eaque quia voluptatum non earum et. Et praesentium expedita et ut cumque ipsam perferendis molestias.', 4, '2021-07-15 12:12:50', '2021-07-15 12:12:50'),
	(241, 32, 'Dr. Priscilla Reinger V', 'Rem iure nostrum eum. Veniam doloribus cum quibusdam tenetur rem. Illum et sint eos pariatur.', 5, '2021-07-15 12:12:50', '2021-07-15 12:12:50'),
	(242, 31, 'Mabelle Heller', 'Temporibus laudantium saepe expedita architecto et. Unde ad autem omnis sequi et. Officiis quasi qui fugit nobis voluptatem officiis.', 5, '2021-07-15 12:12:50', '2021-07-15 12:12:50'),
	(243, 22, 'Brett Towne', 'Voluptatem consequatur quo pariatur rerum ipsa. Rem consequatur voluptatem sed omnis sit delectus incidunt similique. Exercitationem voluptatem aperiam voluptas reiciendis aut enim qui. Et unde voluptatibus dolorum nam rerum aliquid nihil.', 5, '2021-07-15 12:12:50', '2021-07-15 12:12:50'),
	(244, 15, 'Kristoffer Rutherford', 'Ut nam ipsum in. Non totam eius provident laudantium distinctio esse. Quis ut dolores recusandae accusantium deleniti ex adipisci. Cumque velit quo quod repellendus voluptatem quasi.', 1, '2021-07-15 12:12:50', '2021-07-15 12:12:50'),
	(245, 4, 'Buford Walker', 'Aspernatur rerum dolorem nisi esse incidunt labore ea. Facere tenetur nobis quis cum labore molestias provident. Velit et aspernatur natus eos odio adipisci exercitationem. Sequi blanditiis dolor dolorem modi consectetur aut.', 4, '2021-07-15 12:12:50', '2021-07-15 12:12:50'),
	(246, 11, 'Ms. Duane Nikolaus III', 'Repudiandae deleniti est inventore ut fugiat harum qui. Veritatis maiores repudiandae eaque quasi laborum accusamus non. Doloribus nam perspiciatis est veritatis recusandae iusto placeat.', 3, '2021-07-15 12:12:50', '2021-07-15 12:12:50'),
	(247, 36, 'Ignacio Heller', 'Reiciendis a excepturi error rerum perspiciatis. Aut voluptatem quam iure iusto excepturi. Velit eum eligendi autem voluptate nemo.', 5, '2021-07-15 12:12:50', '2021-07-15 12:12:50'),
	(248, 45, 'Prof. Dayton Kemmer', 'Nam praesentium deleniti ad voluptatem rem atque. Recusandae sunt fuga repellendus voluptatibus dicta ab. Qui et voluptates dolorem voluptas.', 2, '2021-07-15 12:12:50', '2021-07-15 12:12:50'),
	(249, 42, 'Mrs. Leonora Willms V', 'Quo dolor enim fuga provident esse quaerat sequi. Adipisci et fugiat asperiores id labore dicta facere. Et maxime aut facere architecto perferendis odit.', 4, '2021-07-15 12:12:50', '2021-07-15 12:12:50'),
	(250, 27, 'Dimitri Pfeffer', 'Ratione ut cupiditate dolorem qui expedita quasi. Amet et et illo dicta dolore quo. Porro voluptas eos fugiat et molestiae in dolor. Repellendus non itaque voluptatum enim impedit inventore incidunt.', 5, '2021-07-15 12:12:50', '2021-07-15 12:12:50'),
	(251, 50, 'Clinton Altenwerth', 'Alias dolores placeat dolorem et nihil amet ut. Rerum eos accusantium eos commodi debitis. Voluptatum iusto provident totam aliquid quo pariatur similique. Tempore eum nemo id dolores reiciendis consectetur.', 3, '2021-07-15 12:12:50', '2021-07-15 12:12:50'),
	(252, 27, 'Serenity King', 'Vel asperiores quis aliquid nihil. Ut similique aut minima ut provident quae quis. Quia est voluptatem ipsa dolores odit minus est. Laboriosam omnis qui cum aut ipsam placeat cumque et.', 4, '2021-07-15 12:12:50', '2021-07-15 12:12:50'),
	(253, 40, 'Mr. Stephen Hills', 'Recusandae autem fugit in qui enim. Dolor sed quo consequuntur deserunt qui ipsa qui. Numquam eligendi qui et enim unde reprehenderit voluptate ut. Exercitationem non sit nulla nam et minus.', 0, '2021-07-15 12:12:50', '2021-07-15 12:12:50'),
	(254, 13, 'Delmer Farrell', 'Sunt sequi quis et qui. Exercitationem et vel debitis odit minus ducimus nisi. Voluptatem fugiat est dolor dolores qui est. Voluptas quos iste voluptatem labore sunt laborum delectus. Qui assumenda qui sit.', 0, '2021-07-15 12:12:50', '2021-07-15 12:12:50'),
	(255, 32, 'Madeline Schultz', 'Perferendis molestias quo animi eos expedita qui. Explicabo est dolorem quasi rerum et id tenetur. Sunt sint eum perferendis aut. Voluptatem assumenda exercitationem beatae aliquam.', 1, '2021-07-15 12:12:50', '2021-07-15 12:12:50'),
	(256, 13, 'Valentine Barton MD', 'Voluptatem perspiciatis consectetur et doloremque aut ab exercitationem. Placeat id dignissimos tenetur ad et quidem voluptatibus temporibus.', 0, '2021-07-15 12:12:50', '2021-07-15 12:12:50'),
	(257, 19, 'Elvera Dickens', 'Et iste nemo quos alias. Et adipisci eius repudiandae eum. At et aut vero similique et.', 5, '2021-07-15 12:12:50', '2021-07-15 12:12:50'),
	(258, 8, 'Alisha Wilderman', 'Veniam voluptates eius culpa voluptas et atque. Rerum nemo omnis et velit qui exercitationem iusto tenetur. Qui explicabo maiores minima cupiditate. Modi repudiandae consequatur veniam iusto.', 3, '2021-07-15 12:12:50', '2021-07-15 12:12:50'),
	(259, 8, 'Daisha Langworth', 'Quos ad et non laborum iure ut. Qui veniam voluptas repudiandae numquam. Nostrum fuga eligendi sint inventore.', 1, '2021-07-15 12:12:50', '2021-07-15 12:12:50'),
	(260, 5, 'Mr. Wilbert Morissette', 'Aut nam non et occaecati. Et rem possimus esse sit minima asperiores ad aut. Tenetur aut maxime quo placeat consequatur.', 1, '2021-07-15 12:12:50', '2021-07-15 12:12:50'),
	(261, 19, 'Jackie Funk', 'Autem delectus ut facere facere. Dicta iure quis earum aliquam asperiores veritatis. Ex dolor sapiente quis nesciunt quae. Nisi aliquid dolor molestiae quas.', 2, '2021-07-15 12:12:50', '2021-07-15 12:12:50'),
	(262, 5, 'Seth Marvin IV', 'Occaecati eaque consequatur dolore ratione eos dolorem. Minus facere deleniti officia libero. Voluptatem rerum autem et recusandae neque. Molestiae possimus reprehenderit molestiae.', 2, '2021-07-15 12:12:50', '2021-07-15 12:12:50'),
	(263, 10, 'Torrance Donnelly', 'Neque quae minus libero vel ipsum. Minima voluptatibus beatae quidem corrupti ea. Veniam sit dolores officiis repellat aspernatur dolorem.', 0, '2021-07-15 12:12:50', '2021-07-15 12:12:50'),
	(264, 21, 'Aubrey Veum', 'Est laboriosam veniam tempore qui. Quia dignissimos natus nam maiores tempora. Et est ab eligendi ducimus ea. Ut tempora eaque aut eum assumenda. Eum porro incidunt deserunt blanditiis.', 5, '2021-07-15 12:12:50', '2021-07-15 12:12:50'),
	(265, 15, 'Gaston Ziemann', 'Sed error iusto quasi et non id. Tempore nesciunt eius ipsam ea aut illum quia. Ut repellendus eaque maiores architecto. Nesciunt voluptates soluta sint corrupti et dolor.', 0, '2021-07-15 12:12:50', '2021-07-15 12:12:50'),
	(266, 19, 'Prof. Malachi Doyle Sr.', 'Aliquid rem aut non esse laborum. Quas eveniet in numquam ea. Animi ut id quos et.', 0, '2021-07-15 12:12:50', '2021-07-15 12:12:50'),
	(267, 18, 'Derick Kerluke', 'Nesciunt commodi voluptatum illo vel recusandae natus est. Ullam nisi in et laboriosam. Saepe animi consequatur rerum nam. Quia perferendis dolor numquam dignissimos et cupiditate eveniet.', 2, '2021-07-15 12:12:50', '2021-07-15 12:12:50'),
	(268, 29, 'Lolita Runolfsson Jr.', 'Fugit accusantium qui a. Ab eligendi eveniet libero iste saepe tenetur est. Blanditiis debitis aut iusto rerum quae.', 3, '2021-07-15 12:12:50', '2021-07-15 12:12:50'),
	(269, 40, 'Ward Abernathy', 'Perferendis voluptas rem aut aut et error nihil. Nesciunt officiis nobis aspernatur rem. Architecto dolorum rerum ipsam aut veritatis. Voluptatibus voluptate fugit voluptates quasi.', 1, '2021-07-15 12:12:50', '2021-07-15 12:12:50'),
	(270, 38, 'Davion Hane', 'Voluptas nobis accusantium architecto sit in voluptatem voluptatibus. Ad enim voluptas voluptatem vitae.', 1, '2021-07-15 12:12:50', '2021-07-15 12:12:50'),
	(271, 42, 'Dr. Tamara Boyer V', 'Sit aspernatur sunt nulla explicabo est voluptas commodi. Perspiciatis qui voluptates ut nesciunt est et consequuntur ut. Qui qui dicta in harum ad ut eius. Neque nesciunt iure quibusdam impedit consequatur ab. Eum aperiam officia sed sunt harum est.', 1, '2021-07-15 12:12:50', '2021-07-15 12:12:50'),
	(272, 24, 'Imelda Murphy', 'Recusandae quis sint quod eius commodi. Est neque nemo quisquam sunt aliquam facere. Ea ut rem omnis sunt tempore et cupiditate ut.', 3, '2021-07-15 12:12:50', '2021-07-15 12:12:50'),
	(273, 20, 'Mr. Victor Sipes', 'Cum similique ea eligendi ipsum commodi id unde. Porro molestiae eos minus quod nulla est rerum. In dignissimos quos dolorum ipsa nihil nisi. Ratione velit vero quis aut nam excepturi. Corrupti quia expedita perferendis quod pariatur ipsum dolorum.', 2, '2021-07-15 12:12:50', '2021-07-15 12:12:50'),
	(274, 39, 'Jammie Dicki Sr.', 'Rerum dolorem ut sapiente voluptatem quos molestias. Debitis provident eos commodi numquam est numquam quasi.', 4, '2021-07-15 12:12:50', '2021-07-15 12:12:50'),
	(275, 23, 'Tyreek Macejkovic DDS', 'At eum laborum est deserunt quibusdam. Inventore minus enim provident doloremque.', 4, '2021-07-15 12:12:50', '2021-07-15 12:12:50'),
	(276, 28, 'Dr. Carolyn Prosacco', 'Officiis ratione deserunt vero rerum. Fuga nesciunt et qui inventore ipsam. Amet sed inventore aut veritatis. Repellat ea dolorum inventore neque ratione fuga libero repellat.', 0, '2021-07-15 12:12:50', '2021-07-15 12:12:50'),
	(277, 27, 'Dr. Mozell Kutch', 'Consectetur iste facere impedit natus accusantium aut aperiam. Quia quia magnam amet voluptatem voluptate.', 3, '2021-07-15 12:12:50', '2021-07-15 12:12:50'),
	(278, 28, 'Karlie Lindgren', 'Dolor voluptatum occaecati officiis doloribus a non itaque. Soluta praesentium eum odit voluptatem excepturi sequi nihil iusto. Molestias quis est magnam et at illum ut. Aspernatur beatae necessitatibus delectus aperiam quis molestias.', 5, '2021-07-15 12:12:50', '2021-07-15 12:12:50'),
	(279, 35, 'Prof. Benedict Langworth Sr.', 'Vel possimus sapiente dicta autem quasi iusto cum. Non eum sunt et quia repudiandae ipsa tenetur. Voluptas voluptas quos commodi aut ea ut. Harum nesciunt numquam iste expedita.', 2, '2021-07-15 12:12:50', '2021-07-15 12:12:50'),
	(280, 34, 'Judge Gaylord Jr.', 'A expedita incidunt similique sint et facere autem. Molestiae delectus quia sed id ea dolor ut. Cumque soluta sed eos deleniti placeat placeat molestias. Aspernatur rerum inventore in.', 4, '2021-07-15 12:12:50', '2021-07-15 12:12:50'),
	(281, 22, 'Kenya Kassulke II', 'Aut maiores consequatur deserunt earum et aut nihil id. Expedita commodi voluptatibus quae dolorum. Soluta reiciendis rem quisquam non molestiae magni.', 0, '2021-07-15 12:12:50', '2021-07-15 12:12:50'),
	(282, 42, 'Elinore Armstrong', 'Officia accusamus magnam repudiandae quis incidunt commodi quis labore. Eum enim ut excepturi tenetur harum. Autem minima consequatur nemo perspiciatis et odit quibusdam. Laboriosam sunt reiciendis in consequatur unde non sint.', 2, '2021-07-15 12:12:50', '2021-07-15 12:12:50'),
	(283, 17, 'Lillie Kunze', 'Aut tenetur enim tenetur error vitae consequatur ratione recusandae. Quasi esse mollitia esse minima veritatis. Eos repudiandae sint magni atque tempora quia facere. Adipisci dignissimos rerum ipsa magnam sit cumque.', 0, '2021-07-15 12:12:50', '2021-07-15 12:12:50'),
	(284, 23, 'Anna Stoltenberg', 'Optio voluptas iure id vel. Cum error doloribus doloremque consequatur nobis voluptas. Quia nesciunt molestiae dicta voluptate veniam sed. Voluptatem dignissimos hic consequatur natus accusantium omnis.', 5, '2021-07-15 12:12:50', '2021-07-15 12:12:50'),
	(285, 20, 'Ms. Abigail Wehner', 'Placeat minima accusantium eos aut qui impedit et. Ut et id quas voluptates. Omnis aut maiores laboriosam nihil pariatur facilis. Voluptatem in mollitia nostrum tempore quia. Et praesentium et ut sapiente ut repellendus.', 4, '2021-07-15 12:12:50', '2021-07-15 12:12:50'),
	(286, 13, 'Dr. Nya Treutel MD', 'Voluptatum libero occaecati deleniti qui molestias ratione corrupti optio. Nostrum doloribus et omnis expedita dolores vel neque. Provident officia nemo quia totam.', 0, '2021-07-15 12:12:50', '2021-07-15 12:12:50'),
	(287, 12, 'Victoria Fahey', 'Nobis voluptatibus aliquam blanditiis soluta rem. Id debitis provident consectetur. Consequatur fugit dolor eum eum at.', 2, '2021-07-15 12:12:50', '2021-07-15 12:12:50'),
	(288, 22, 'Olin Herzog', 'Sequi tempora omnis nihil voluptas nam sit. Ut cumque delectus velit qui. Eos nulla reprehenderit illum asperiores. Et ab quibusdam sint praesentium.', 2, '2021-07-15 12:12:50', '2021-07-15 12:12:50'),
	(289, 20, 'Hailie Schultz', 'Provident sed ab consequatur ut odio. Dolor mollitia et ut aperiam dolores et qui. Voluptates distinctio rerum eum exercitationem odio.', 1, '2021-07-15 12:12:50', '2021-07-15 12:12:50'),
	(290, 1, 'Osborne Bauch', 'Magnam vel omnis quibusdam maxime ipsam totam ea necessitatibus. Laboriosam suscipit qui nihil et distinctio. Quaerat nesciunt ipsum id quis unde similique quia velit. Sint numquam iste rerum dolore provident et esse. Harum ut cum exercitationem cum est voluptatum est.', 3, '2021-07-15 12:12:50', '2021-07-15 12:12:50'),
	(291, 49, 'Mr. Riley Jenkins', 'Deleniti quis laudantium nihil eos ipsa aut itaque. Hic et repellendus nihil velit sed. Magnam sit maxime suscipit vero sit aut illum. Pariatur vel odit quos enim.', 5, '2021-07-15 12:12:50', '2021-07-15 12:12:50'),
	(292, 47, 'Dr. Nils Tromp II', 'Odit quas ad consequuntur. Corporis et et blanditiis ipsum saepe quis quisquam. Fuga iure nam non quis quae voluptas nesciunt. Repudiandae molestiae qui omnis nesciunt.', 1, '2021-07-15 12:12:50', '2021-07-15 12:12:50'),
	(293, 44, 'Sydnee Hirthe', 'Culpa repellat iste ullam saepe quia. Adipisci ut modi omnis dolores. Qui libero nesciunt omnis omnis tempore ullam voluptates.', 3, '2021-07-15 12:12:50', '2021-07-15 12:12:50'),
	(294, 24, 'Mrs. Effie Crist DVM', 'Voluptas qui sint architecto. Sequi molestiae aliquam veritatis incidunt voluptas suscipit. Esse amet libero voluptatibus minus.', 3, '2021-07-15 12:12:50', '2021-07-15 12:12:50'),
	(295, 4, 'Immanuel Kuhn', 'Iusto inventore voluptas ipsum quos cum sequi iusto. Quasi eum incidunt est in. In qui eligendi dolor officiis cum. Corrupti atque accusamus eos. Inventore animi ad reprehenderit doloremque ut.', 4, '2021-07-15 12:12:50', '2021-07-15 12:12:50'),
	(296, 17, 'Eladio Prohaska III', 'Error dolorem quasi aperiam. Nemo commodi adipisci harum dolore. Sit quasi ipsum dolor ut et dicta numquam.', 4, '2021-07-15 12:12:50', '2021-07-15 12:12:50'),
	(297, 18, 'Jasmin Leuschke', 'Cum debitis repellendus ut quasi et pariatur ut. Reprehenderit sequi non adipisci fuga. Iste officiis omnis error corrupti rerum doloribus eum vel.', 5, '2021-07-15 12:12:50', '2021-07-15 12:12:50'),
	(298, 50, 'Felipa O\'Keefe Jr.', 'Doloribus odit laborum vel id possimus expedita. Esse veniam beatae nostrum dolorem voluptates nesciunt corrupti. Dicta et omnis quo et nesciunt vitae. Ut repellat et accusantium provident officiis.', 4, '2021-07-15 12:12:50', '2021-07-15 12:12:50'),
	(299, 9, 'Miss Alaina Predovic', 'Minima dolor quis praesentium voluptas. Sunt nemo quidem molestiae dolores illum praesentium. Laboriosam architecto numquam quis unde. Tempore dolores doloribus sit non labore illo.', 4, '2021-07-15 12:12:50', '2021-07-15 12:12:50'),
	(300, 35, 'Winona Prosacco', 'Autem id et blanditiis exercitationem. Nihil et similique ut at est. Dolor quo sint sit asperiores eum temporibus. Iste omnis eum deleniti id consequatur eveniet. Voluptatem voluptatem velit eos.', 1, '2021-07-15 12:12:50', '2021-07-15 12:12:50');
/*!40000 ALTER TABLE `reviews` ENABLE KEYS */;

-- Copiando estrutura para tabela eapi.users
CREATE TABLE IF NOT EXISTS `users` (
  `id` bigint(20) unsigned NOT NULL AUTO_INCREMENT,
  `name` varchar(255) COLLATE utf8mb4_unicode_ci NOT NULL,
  `email` varchar(255) COLLATE utf8mb4_unicode_ci NOT NULL,
  `email_verified_at` timestamp NULL DEFAULT NULL,
  `password` varchar(255) COLLATE utf8mb4_unicode_ci NOT NULL,
  `remember_token` varchar(100) COLLATE utf8mb4_unicode_ci DEFAULT NULL,
  `created_at` timestamp NULL DEFAULT NULL,
  `updated_at` timestamp NULL DEFAULT NULL,
  PRIMARY KEY (`id`),
  UNIQUE KEY `users_email_unique` (`email`)
) ENGINE=InnoDB DEFAULT CHARSET=utf8mb4 COLLATE=utf8mb4_unicode_ci;

-- Copiando dados para a tabela eapi.users: ~0 rows (aproximadamente)
/*!40000 ALTER TABLE `users` DISABLE KEYS */;
/*!40000 ALTER TABLE `users` ENABLE KEYS */;

/*!40101 SET SQL_MODE=IFNULL(@OLD_SQL_MODE, '') */;
/*!40014 SET FOREIGN_KEY_CHECKS=IFNULL(@OLD_FOREIGN_KEY_CHECKS, 1) */;
/*!40101 SET CHARACTER_SET_CLIENT=@OLD_CHARACTER_SET_CLIENT */;
/*!40111 SET SQL_NOTES=IFNULL(@OLD_SQL_NOTES, 1) */;
